timestamp,BTCUSDT,ETHUSDT,XRPUSDT,ADAUSDT,DOGEUSDT,EOSUSDT,XLMUSDT,MATICUSDT,SOLUSDT,NEOUSDT,LINKUSDT,NEOUSDT,LTCUSDT,TRXUSDT,ATOMUSDT,UNIUSDT,NEOUSDT,VETUSDT,DOTUSDT,NEARUSDT
2022-04-01,46283.49000000,3455.21000000,0.82770000,1.16500000,0.14130000,2.83800000,0.23250000,1.69500000,134.52000000,28.03000000,17.34000000,28.03000000,124.80000000,0.07494000,29.41000000,11.58000000,28.03000000,0.08108000,22.07000000,14.74000000
2022-04-02,45811.00000000,3443.77000000,0.82400000,1.15500000,0.13870000,2.78600000,0.23310000,1.65300000,132.49000000,27.53000000,17.40000000,27.53000000,124.80000000,0.07322000,31.30000000,11.65000000,27.53000000,0.07716000,22.61000000,14.82500000
2022-04-03,46407.35000000,3521.91000000,0.84320000,1.18600000,0.14660000,2.84000000,0.23700000,1.68800000,136.90000000,28.00000000,18.08000000,28.00000000,128.70000000,0.07312000,31.97000000,11.87000000,28.00000000,0.08262000,23.21000000,16.81300000
2022-04-04,46580.51000000,3519.50000000,0.82600000,1.21200000,0.14850000,2.89000000,0.23190000,1.64800000,132.14000000,27.18000000,17.50000000,27.18000000,124.80000000,0.07070000,30.85000000,11.54000000,27.18000000,0.07890000,22.89000000,17.11500000
2022-04-05,45497.55000000,3406.99000000,0.81640000,1.17100000,0.17270000,2.75300000,0.22480000,1.59200000,126.87000000,25.76000000,16.74000000,25.76000000,122.70000000,0.06928000,29.29000000,11.12000000,25.76000000,0.07584000,21.78000000,16.14000000
2022-04-06,43170.47000000,3168.51000000,0.75950000,1.05200000,0.14330000,2.42600000,0.20310000,1.45700000,112.95000000,22.46000000,15.41000000,22.46000000,111.70000000,0.06308000,26.89000000,9.96000000,22.46000000,0.06582000,19.85000000,15.27200000
2022-04-07,43444.19000000,3227.19000000,0.78710000,1.08900000,0.14590000,2.50300000,0.21260000,1.51100000,118.48000000,23.27000000,15.75000000,23.27000000,114.10000000,0.06431000,27.66000000,10.44000000,23.27000000,0.07026000,20.40000000,17.44700000
2022-04-08,42252.01000000,3192.39000000,0.75490000,1.02400000,0.14240000,2.38000000,0.20210000,1.43400000,109.92000000,21.85000000,15.13000000,21.85000000,110.70000000,0.06259000,26.88000000,9.74000000,21.85000000,0.06475000,19.43000000,17.52700000
2022-04-09,42753.97000000,3258.57000000,0.76220000,1.04500000,0.14420000,2.41700000,0.20490000,1.46300000,112.96000000,22.54000000,15.43000000,22.54000000,112.70000000,0.06394000,27.27000000,10.05000000,22.54000000,0.06710000,19.75000000,17.55300000
2022-04-10,42158.85000000,3203.04000000,0.75430000,1.02700000,0.14820000,2.36100000,0.20040000,1.42700000,111.07000000,21.58000000,15.24000000,21.58000000,110.30000000,0.06238000,26.50000000,9.88000000,21.58000000,0.06492000,19.22000000,15.80400000
2022-04-11,39530.45000000,2979.74000000,0.69480000,0.92000000,0.13410000,2.16300000,0.18670000,1.33400000,99.67000000,19.69000000,13.76000000,19.69000000,102.40000000,0.05823000,23.85000000,8.99000000,19.69000000,0.05776000,17.20000000,16.05100000
2022-04-12,40074.94000000,3027.66000000,0.71520000,0.95500000,0.13800000,2.24400000,0.19250000,1.39400000,103.22000000,20.39000000,13.98000000,20.39000000,104.80000000,0.05991000,24.64000000,9.32000000,20.39000000,0.06023000,17.77000000,16.53000000
2022-04-13,41147.79000000,3118.28000000,0.72320000,0.97400000,0.13990000,2.35900000,0.19650000,1.42000000,104.94000000,21.26000000,14.19000000,21.26000000,110.50000000,0.06150000,24.70000000,9.65000000,21.26000000,0.06154000,18.20000000,16.83700000
2022-04-14,39942.38000000,3021.98000000,0.72620000,0.93300000,0.14410000,2.30700000,0.19390000,1.37400000,100.77000000,20.60000000,13.65000000,20.60000000,107.30000000,0.06013000,23.96000000,9.48000000,20.60000000,0.06139000,17.91000000,16.38400000
2022-04-15,40551.90000000,3040.56000000,0.78580000,0.95600000,0.14580000,2.41900000,0.20420000,1.39800000,101.31000000,21.09000000,14.11000000,21.09000000,111.00000000,0.06181000,24.08000000,9.77000000,21.09000000,0.06160000,18.34000000,16.03200000
2022-04-16,40378.71000000,3059.30000000,0.78080000,0.95100000,0.14350000,2.60800000,0.20530000,1.38800000,102.06000000,21.57000000,14.14000000,21.57000000,114.30000000,0.06186000,24.18000000,9.67000000,21.57000000,0.06131000,18.61000000,15.93400000
2022-04-17,39678.12000000,2988.06000000,0.75190000,0.91400000,0.13920000,2.41800000,0.19650000,1.33700000,100.15000000,20.50000000,13.73000000,20.50000000,108.80000000,0.06009000,23.21000000,9.24000000,20.50000000,0.05792000,17.74000000,15.68200000
2022-04-18,40801.13000000,3055.56000000,0.76990000,0.93700000,0.14020000,2.44500000,0.20490000,1.41800000,102.33000000,21.30000000,14.06000000,21.30000000,111.30000000,0.06148000,24.07000000,9.38000000,21.30000000,0.05960000,18.15000000,16.16900000
2022-04-19,41493.18000000,3101.77000000,0.77490000,0.95200000,0.14250000,2.64600000,0.20390000,1.42700000,108.51000000,22.10000000,14.24000000,22.10000000,113.80000000,0.06310000,24.67000000,9.55000000,22.10000000,0.06160000,18.88000000,17.41700000
2022-04-20,41358.19000000,3076.04000000,0.75170000,0.93700000,0.14070000,2.76400000,0.20020000,1.41700000,105.59000000,21.51000000,14.02000000,21.51000000,111.90000000,0.06261000,24.27000000,9.32000000,21.51000000,0.06076000,19.09000000,16.65400000
2022-04-21,40480.01000000,2983.58000000,0.73280000,0.91000000,0.13620000,2.50500000,0.19660000,1.37800000,101.78000000,20.82000000,13.57000000,20.82000000,106.80000000,0.07112000,23.30000000,8.85000000,20.82000000,0.05872000,18.18000000,15.64000000
2022-04-22,39709.18000000,2962.39000000,0.71790000,0.90600000,0.13630000,2.45700000,0.19530000,1.39800000,100.55000000,21.10000000,13.58000000,21.10000000,105.40000000,0.06661000,23.10000000,8.91000000,21.10000000,0.05779000,18.28000000,15.56900000
2022-04-23,39441.60000000,2933.03000000,0.70570000,0.88600000,0.13390000,2.40400000,0.19140000,1.36200000,100.63000000,20.92000000,13.31000000,20.92000000,105.10000000,0.06761000,23.21000000,8.90000000,20.92000000,0.05745000,18.69000000,15.32600000
2022-04-24,39450.13000000,2921.00000000,0.69810000,0.88600000,0.13170000,2.35000000,0.18960000,1.34300000,99.23000000,20.20000000,13.26000000,20.20000000,104.60000000,0.06567000,22.29000000,8.71000000,20.20000000,0.05592000,18.17000000,15.00600000
2022-04-25,40426.08000000,3006.62000000,0.69310000,0.89740000,0.15810000,2.37800000,0.19220000,1.35300000,100.99000000,20.03000000,13.44000000,20.03000000,104.60000000,0.06531000,22.13000000,8.73000000,20.03000000,0.05633000,18.10000000,14.27500000
2022-04-26,38112.65000000,2809.67000000,0.64200000,0.82590000,0.13760000,2.18500000,0.18050000,1.24400000,95.70000000,18.59000000,12.37000000,18.59000000,98.60000000,0.06190000,20.30000000,8.01000000,18.59000000,0.05117000,16.68000000,12.68500000
2022-04-27,39235.72000000,2888.96000000,0.65220000,0.84010000,0.14000000,2.25300000,0.18420000,1.25700000,98.36000000,19.03000000,12.74000000,19.03000000,100.50000000,0.06318000,21.43000000,8.23000000,19.03000000,0.05202000,16.94000000,12.87900000
2022-04-28,39742.07000000,2936.93000000,0.64280000,0.84320000,0.13750000,2.31400000,0.18580000,1.23700000,98.24000000,18.83000000,12.66000000,18.83000000,103.30000000,0.06372000,20.75000000,8.16000000,18.83000000,0.05158000,16.99000000,12.40200000
2022-04-29,38596.11000000,2817.13000000,0.61160000,0.80480000,0.13490000,2.27400000,0.17780000,1.14000000,93.96000000,17.94000000,11.97000000,17.94000000,100.40000000,0.06368000,19.44000000,7.61000000,17.94000000,0.04851000,16.19000000,11.28900000
2022-04-30,37630.80000000,2726.66000000,0.58450000,0.75560000,0.12740000,2.01200000,0.16890000,1.03200000,84.63000000,16.75000000,10.95000000,16.75000000,95.80000000,0.06262000,17.84000000,6.75000000,16.75000000,0.04530000,14.50000000,10.33600000
2022-05-01,38468.35000000,2824.81000000,0.60700000,0.78950000,0.13270000,2.11000000,0.17570000,1.09900000,89.68000000,17.66000000,11.31000000,17.66000000,99.30000000,0.07079000,18.00000000,7.12000000,17.66000000,0.04849000,15.36000000,11.83700000
2022-05-02,38525.16000000,2856.54000000,0.61430000,0.78090000,0.13080000,2.09700000,0.17350000,1.07700000,87.50000000,17.58000000,11.17000000,17.58000000,100.70000000,0.06894000,17.80000000,6.94000000,17.58000000,0.04750000,14.96000000,11.84900000
2022-05-03,37728.95000000,2781.70000000,0.60470000,0.77110000,0.12950000,2.05300000,0.17200000,1.07600000,85.86000000,17.58000000,11.12000000,17.58000000,99.40000000,0.07261000,17.57000000,6.85000000,17.58000000,0.04681000,14.72000000,11.99800000
2022-05-04,39690.00000000,2940.64000000,0.64590000,0.89850000,0.13590000,2.22600000,0.18470000,1.17300000,92.77000000,19.37000000,12.20000000,19.37000000,106.30000000,0.08629000,19.92000000,7.93000000,19.37000000,0.05392000,16.34000000,12.97900000
2022-05-05,36552.97000000,2747.97000000,0.59810000,0.78840000,0.12820000,2.01300000,0.17110000,1.06400000,84.52000000,17.19000000,10.91000000,17.19000000,96.80000000,0.07451000,17.84000000,7.34000000,17.19000000,0.04758000,14.58000000,11.21700000
2022-05-06,36013.77000000,2692.85000000,0.60220000,0.78320000,0.12780000,2.02400000,0.17150000,1.04300000,81.68000000,16.92000000,10.79000000,16.92000000,96.70000000,0.08629000,17.67000000,7.59000000,16.92000000,0.04703000,14.32000000,10.77900000
2022-05-07,35472.39000000,2635.34000000,0.58080000,0.76040000,0.12750000,1.97700000,0.16750000,1.01900000,78.86000000,16.29000000,10.21000000,16.29000000,94.30000000,0.08351000,16.43000000,7.18000000,16.29000000,0.04552000,13.75000000,10.43800000
2022-05-08,34038.40000000,2519.71000000,0.56620000,0.74030000,0.12410000,1.95000000,0.16160000,0.97700000,75.38000000,15.92000000,10.00000000,15.92000000,93.90000000,0.08794000,15.70000000,7.09000000,15.92000000,0.04448000,13.25000000,11.14500000
2022-05-09,30076.31000000,2228.55000000,0.48730000,0.60190000,0.10190000,1.59000000,0.14060000,0.81000000,62.16000000,13.30000000,8.10000000,13.30000000,76.20000000,0.07272000,12.51000000,5.95000000,13.30000000,0.03790000,10.62000000,9.39900000
2022-05-10,31017.10000000,2342.05000000,0.51300000,0.62860000,0.10800000,1.71600000,0.14850000,0.88900000,66.90000000,13.82000000,8.59000000,13.82000000,80.20000000,0.07691000,13.58000000,6.07000000,13.82000000,0.03879000,11.36000000,9.56300000
2022-05-11,29103.94000000,2084.99000000,0.41720000,0.51870000,0.08530000,1.40900000,0.12640000,0.67500000,50.90000000,10.56000000,6.95000000,10.56000000,66.60000000,0.07496000,10.79000000,4.91000000,10.56000000,0.03044000,9.09000000,6.50800000
2022-05-12,29029.75000000,1960.22000000,0.38560000,0.47330000,0.08260000,1.27400000,0.12060000,0.60000000,44.64000000,9.80000000,6.56000000,9.80000000,64.50000000,0.06729000,9.66000000,4.67000000,9.80000000,0.02767000,8.71000000,6.42100000
2022-05-13,29287.05000000,2009.69000000,0.42280000,0.52900000,0.08810000,1.34000000,0.13220000,0.66700000,48.92000000,10.23000000,7.15000000,10.23000000,67.90000000,0.07426000,10.32000000,5.13000000,10.23000000,0.03057000,10.46000000,6.53000000
2022-05-14,30086.74000000,2056.48000000,0.42620000,0.53720000,0.08940000,1.35200000,0.13820000,0.68600000,52.43000000,10.68000000,7.26000000,10.68000000,68.90000000,0.07243000,10.79000000,5.17000000,10.68000000,0.03175000,11.30000000,6.67800000
2022-05-15,31328.89000000,2145.29000000,0.44810000,0.59810000,0.09320000,1.40600000,0.14530000,0.74200000,58.83000000,11.03000000,7.96000000,11.03000000,71.60000000,0.07240000,12.38000000,5.46000000,11.03000000,0.03353000,11.81000000,7.34900000
2022-05-16,29874.01000000,2023.66000000,0.42310000,0.55690000,0.08800000,1.31700000,0.13640000,0.67700000,53.79000000,10.26000000,7.42000000,10.26000000,67.30000000,0.06917000,11.07000000,5.06000000,10.26000000,0.03103000,10.63000000,6.54300000
2022-05-17,30444.93000000,2090.72000000,0.43800000,0.57780000,0.09030000,1.37700000,0.14180000,0.72600000,57.02000000,10.99000000,7.72000000,10.99000000,73.20000000,0.07225000,11.46000000,5.47000000,10.99000000,0.03286000,11.04000000,6.67900000
2022-05-18,28715.32000000,1915.11000000,0.40560000,0.50590000,0.08330000,1.26600000,0.12770000,0.62600000,49.93000000,9.89000000,6.81000000,9.89000000,66.00000000,0.07100000,10.11000000,4.89000000,9.89000000,0.02920000,9.49000000,5.92300000
2022-05-19,30319.23000000,2019.55000000,0.42050000,0.53340000,0.08660000,1.32100000,0.13060000,0.65900000,52.20000000,10.51000000,7.22000000,10.51000000,72.10000000,0.07357000,10.84000000,5.19000000,10.51000000,0.03150000,10.03000000,6.10200000
2022-05-20,29201.01000000,1959.08000000,0.41010000,0.51620000,0.08400000,1.27200000,0.12630000,0.63400000,49.43000000,10.13000000,6.87000000,10.13000000,68.60000000,0.07124000,11.20000000,5.10000000,10.13000000,0.03007000,9.67000000,5.75200000
2022-05-21,29445.06000000,1975.07000000,0.41450000,0.52860000,0.08450000,1.30600000,0.13080000,0.65000000,50.31000000,10.37000000,7.06000000,10.37000000,69.80000000,0.07404000,11.05000000,5.24000000,10.37000000,0.03080000,10.00000000,6.13600000
2022-05-22,30293.94000000,2043.19000000,0.42180000,0.54160000,0.08590000,1.35500000,0.13550000,0.67600000,52.48000000,10.87000000,7.33000000,10.87000000,71.70000000,0.07815000,11.41000000,5.48000000,10.87000000,0.03198000,10.16000000,6.24200000
2022-05-23,29109.15000000,1973.32000000,0.40520000,0.51340000,0.08330000,1.30800000,0.12880000,0.64100000,49.17000000,11.38000000,7.02000000,11.38000000,69.10000000,0.07616000,11.14000000,5.62000000,11.38000000,0.03120000,9.88000000,5.84600000
2022-05-24,29654.58000000,1979.41000000,0.40860000,0.52190000,0.08370000,1.34400000,0.13310000,0.66300000,49.67000000,11.27000000,7.23000000,11.27000000,70.20000000,0.08064000,11.10000000,5.60000000,11.27000000,0.03168000,10.19000000,5.97000000
2022-05-25,29542.15000000,1942.63000000,0.40600000,0.51460000,0.08300000,1.32500000,0.13220000,0.64600000,47.98000000,11.66000000,6.96000000,11.66000000,68.20000000,0.08470000,10.74000000,5.62000000,11.66000000,0.03133000,9.87000000,5.75800000
2022-05-26,29201.35000000,1792.23000000,0.39200000,0.47890000,0.07790000,1.23800000,0.12430000,0.59800000,43.44000000,10.71000000,6.57000000,10.71000000,63.50000000,0.08223000,9.61000000,4.95000000,10.71000000,0.02948000,9.14000000,5.23100000
2022-05-27,28629.80000000,1727.27000000,0.38190000,0.45660000,0.08160000,1.21500000,0.12040000,0.57400000,41.17000000,10.29000000,6.29000000,10.29000000,61.60000000,0.08083000,9.27000000,4.69000000,10.29000000,0.02907000,9.12000000,4.80600000
2022-05-28,29031.33000000,1792.22000000,0.38630000,0.46460000,0.08180000,1.25600000,0.12270000,0.58800000,44.25000000,10.47000000,6.58000000,10.47000000,63.00000000,0.08118000,9.42000000,4.98000000,10.47000000,0.02972000,9.65000000,4.99800000
2022-05-29,29468.10000000,1813.64000000,0.38910000,0.48200000,0.08270000,1.29400000,0.13110000,0.60000000,44.98000000,10.64000000,6.71000000,10.64000000,63.60000000,0.08055000,9.59000000,4.95000000,10.64000000,0.03017000,9.98000000,5.18200000
2022-05-30,31734.22000000,1998.78000000,0.41870000,0.56980000,0.08800000,1.38600000,0.14350000,0.65800000,47.22000000,11.78000000,7.46000000,11.78000000,69.10000000,0.08325000,10.50000000,5.66000000,11.78000000,0.03294000,10.47000000,5.76000000
2022-05-31,31801.04000000,1941.90000000,0.42170000,0.62680000,0.08591000,1.38000000,0.15070000,0.66300000,45.77000000,11.57000000,7.59000000,11.57000000,68.40000000,0.08441000,10.33000000,5.70000000,11.57000000,0.03283000,10.35000000,5.95700000
2022-06-01,29805.83000000,1817.95000000,0.39800000,0.55160000,0.08105000,1.26700000,0.13700000,0.60000000,40.11000000,11.14000000,6.93000000,11.14000000,62.70000000,0.08356000,9.34000000,5.14000000,11.14000000,0.03051000,9.46000000,5.34300000
2022-06-02,30452.62000000,1834.08000000,0.40550000,0.58710000,0.08277000,1.29300000,0.14300000,0.62000000,40.85000000,11.40000000,7.19000000,11.40000000,64.50000000,0.08432000,9.63000000,5.30000000,11.40000000,0.03144000,9.89000000,5.60300000
2022-06-03,29700.21000000,1775.12000000,0.39040000,0.56000000,0.08029000,1.26500000,0.14610000,0.58900000,38.28000000,11.16000000,6.85000000,11.16000000,62.60000000,0.08110000,9.19000000,5.08000000,11.16000000,0.03022000,9.37000000,5.25200000
2022-06-04,29864.04000000,1804.58000000,0.39250000,0.56650000,0.08187000,1.28500000,0.14360000,0.59600000,39.00000000,11.31000000,7.40000000,11.31000000,63.70000000,0.08043000,9.24000000,5.13000000,11.31000000,0.03055000,9.44000000,5.32900000
2022-06-05,29919.21000000,1806.23000000,0.39530000,0.56740000,0.08107000,1.27000000,0.14350000,0.59800000,38.52000000,11.46000000,7.64000000,11.46000000,63.20000000,0.08151000,9.17000000,5.09000000,11.46000000,0.03044000,9.35000000,5.33100000
2022-06-06,31373.10000000,1859.84000000,0.40260000,0.60910000,0.08250000,1.30300000,0.14500000,0.63300000,42.39000000,12.15000000,7.97000000,12.15000000,64.50000000,0.08161000,9.46000000,5.37000000,12.15000000,0.03174000,9.51000000,5.48600000
2022-06-07,31125.33000000,1813.33000000,0.40760000,0.61410000,0.08039000,1.28500000,0.14040000,0.61700000,39.31000000,11.86000000,8.71000000,11.86000000,63.80000000,0.08186000,9.20000000,5.22000000,11.86000000,0.03066000,9.23000000,5.19800000
2022-06-08,30204.77000000,1791.88000000,0.40060000,0.64080000,0.07927000,1.25400000,0.14010000,0.60600000,38.83000000,12.01000000,8.70000000,12.01000000,61.30000000,0.08062000,8.76000000,5.09000000,12.01000000,0.03026000,9.01000000,5.06500000
2022-06-09,30109.93000000,1788.81000000,0.40020000,0.63230000,0.07937000,1.24000000,0.13980000,0.63400000,39.96000000,12.04000000,9.27000000,12.04000000,60.30000000,0.08102000,8.79000000,5.20000000,12.04000000,0.03184000,9.24000000,5.08300000
2022-06-10,29091.88000000,1662.91000000,0.38150000,0.57440000,0.07539000,1.18400000,0.13310000,0.59400000,37.17000000,11.41000000,8.04000000,11.41000000,56.70000000,0.07893000,8.11000000,4.81000000,11.41000000,0.02948000,8.65000000,4.49600000
2022-06-11,28424.70000000,1532.89000000,0.35990000,0.55400000,0.06993000,1.11700000,0.12530000,0.54000000,33.93000000,10.94000000,7.04000000,10.94000000,52.20000000,0.07620000,7.55000000,4.39000000,10.94000000,0.02762000,8.03000000,4.10000000
2022-06-12,26574.53000000,1434.84000000,0.34330000,0.49040000,0.06353000,1.03000000,0.11850000,0.49700000,30.61000000,11.63000000,6.27000000,11.63000000,47.90000000,0.07618000,7.07000000,4.06000000,11.63000000,0.02569000,7.41000000,3.69500000
2022-06-13,22487.41000000,1209.82000000,0.31180000,0.46440000,0.05420000,0.91900000,0.10680000,0.43000000,28.60000000,9.85000000,5.93000000,9.85000000,43.50000000,0.06387000,6.51000000,3.66000000,9.85000000,0.02384000,7.04000000,3.51700000
2022-06-14,22136.41000000,1208.90000000,0.32140000,0.48310000,0.05555000,0.94100000,0.11270000,0.41500000,29.59000000,9.70000000,6.74000000,9.70000000,46.15000000,0.05559000,6.36000000,3.86000000,9.70000000,0.02393000,7.36000000,3.38000000
2022-06-15,22583.72000000,1237.52000000,0.34360000,0.53480000,0.06285000,1.00900000,0.12120000,0.44000000,34.76000000,10.00000000,7.33000000,10.00000000,50.65000000,0.06302000,7.33000000,4.42000000,10.00000000,0.02556000,8.49000000,3.81300000
2022-06-16,20401.31000000,1068.50000000,0.31320000,0.47620000,0.05523000,0.91100000,0.10910000,0.38400000,30.12000000,8.84000000,6.36000000,8.84000000,44.78000000,0.05923000,6.35000000,3.83000000,8.84000000,0.02270000,7.13000000,3.22600000
2022-06-17,20468.81000000,1086.94000000,0.32100000,0.48720000,0.05689000,0.93800000,0.11190000,0.39900000,30.71000000,9.05000000,6.36000000,9.05000000,47.60000000,0.05989000,6.39000000,3.93000000,9.05000000,0.02332000,7.28000000,3.37400000
2022-06-18,18970.79000000,995.13000000,0.30750000,0.45490000,0.05290000,0.88700000,0.10770000,0.34600000,32.02000000,8.52000000,5.92000000,8.52000000,47.18000000,0.06089000,6.08000000,3.64000000,8.52000000,0.02167000,7.05000000,3.09500000
2022-06-19,20574.00000000,1128.53000000,0.32640000,0.48480000,0.06047000,0.96800000,0.11480000,0.38400000,34.19000000,9.08000000,6.60000000,9.08000000,54.29000000,0.06132000,6.77000000,4.19000000,9.08000000,0.02305000,7.53000000,3.28800000
2022-06-20,20573.89000000,1128.24000000,0.32270000,0.49150000,0.06002000,0.96100000,0.11310000,0.40000000,35.24000000,9.15000000,6.98000000,9.15000000,52.77000000,0.06115000,6.82000000,4.29000000,9.15000000,0.02354000,7.87000000,3.40900000
2022-06-21,20723.52000000,1125.85000000,0.32940000,0.48130000,0.06581000,0.96400000,0.11450000,0.42000000,36.42000000,9.22000000,6.86000000,9.22000000,53.52000000,0.06490000,6.95000000,4.77000000,9.22000000,0.02368000,7.77000000,3.51800000
2022-06-22,19987.99000000,1050.19000000,0.32230000,0.45940000,0.06170000,0.92500000,0.11290000,0.45500000,34.12000000,8.88000000,6.63000000,8.88000000,52.13000000,0.06310000,7.05000000,4.98000000,8.88000000,0.02274000,7.39000000,3.28000000
2022-06-23,21110.13000000,1144.72000000,0.33580000,0.48000000,0.06398000,0.97400000,0.11800000,0.56200000,38.15000000,9.31000000,6.99000000,9.31000000,55.74000000,0.06380000,8.13000000,5.62000000,9.31000000,0.02415000,7.78000000,3.55400000
2022-06-24,21237.69000000,1225.02000000,0.36720000,0.49810000,0.06694000,1.00400000,0.12780000,0.60700000,41.91000000,9.65000000,7.26000000,9.65000000,55.84000000,0.06584000,8.26000000,5.47000000,9.65000000,0.02540000,8.18000000,3.99300000
2022-06-25,21491.19000000,1242.36000000,0.36760000,0.49840000,0.06852000,1.00700000,0.12680000,0.60100000,42.22000000,9.74000000,7.26000000,9.74000000,58.88000000,0.06480000,8.67000000,5.62000000,9.74000000,0.02620000,8.13000000,4.17200000
2022-06-26,21038.07000000,1197.79000000,0.35920000,0.48990000,0.07296000,0.99000000,0.12030000,0.55900000,39.39000000,9.49000000,6.70000000,9.49000000,56.61000000,0.06504000,8.06000000,5.60000000,9.49000000,0.02428000,7.84000000,3.79200000
2022-06-27,20742.56000000,1192.51000000,0.35370000,0.48560000,0.07216000,0.98500000,0.11910000,0.53200000,38.52000000,9.50000000,6.55000000,9.50000000,55.86000000,0.06703000,7.78000000,5.33000000,9.50000000,0.02458000,7.74000000,3.73900000
2022-06-28,20281.29000000,1144.05000000,0.33750000,0.46940000,0.06610000,0.94400000,0.11430000,0.51070000,35.35000000,8.93000000,6.32000000,8.93000000,52.68000000,0.06591000,7.34000000,4.92000000,8.93000000,0.02343000,7.31000000,3.41700000
2022-06-29,20123.01000000,1100.21000000,0.32960000,0.46620000,0.06956000,0.93600000,0.11010000,0.49740000,34.05000000,8.63000000,6.23000000,8.63000000,53.68000000,0.06492000,7.40000000,5.11000000,8.63000000,0.02277000,7.03000000,3.42900000
2022-06-30,19942.21000000,1071.01000000,0.33210000,0.45990000,0.06644000,0.92600000,0.11230000,0.48080000,33.76000000,8.47000000,6.27000000,8.47000000,53.84000000,0.06481000,7.57000000,5.00000000,8.47000000,0.02277000,7.06000000,3.33800000
2022-07-01,19279.80000000,1059.73000000,0.31390000,0.44870000,0.06644000,0.91000000,0.11010000,0.46210000,32.84000000,8.21000000,6.08000000,8.21000000,51.19000000,0.06512000,8.09000000,4.86000000,8.21000000,0.02226000,6.75000000,3.35200000
2022-07-02,19252.81000000,1067.01000000,0.31560000,0.45590000,0.06667000,0.93700000,0.10860000,0.49300000,33.36000000,8.25000000,6.22000000,8.25000000,50.55000000,0.06475000,8.07000000,4.92000000,8.25000000,0.02235000,6.83000000,3.31200000
2022-07-03,19315.83000000,1074.26000000,0.32150000,0.45610000,0.06721000,0.94400000,0.10910000,0.46210000,33.39000000,8.30000000,6.22000000,8.30000000,50.95000000,0.06628000,8.09000000,4.91000000,8.30000000,0.02257000,6.85000000,3.32300000
2022-07-04,20236.71000000,1151.00000000,0.32870000,0.46950000,0.06938000,0.98600000,0.11130000,0.49180000,36.71000000,8.59000000,6.43000000,8.59000000,52.26000000,0.06733000,8.75000000,5.35000000,8.59000000,0.02332000,7.17000000,3.52100000
2022-07-05,20175.83000000,1132.50000000,0.32520000,0.45710000,0.06716000,0.97200000,0.10800000,0.51270000,35.40000000,8.38000000,6.31000000,8.38000000,49.70000000,0.06814000,8.92000000,5.30000000,8.38000000,0.02269000,6.84000000,3.39300000
2022-07-06,20564.51000000,1186.57000000,0.33240000,0.46230000,0.06844000,1.00000000,0.10940000,0.52570000,37.04000000,8.53000000,6.34000000,8.53000000,50.34000000,0.06755000,8.90000000,5.35000000,8.53000000,0.02357000,6.93000000,3.50100000
2022-07-07,21624.98000000,1237.49000000,0.34220000,0.47760000,0.07055000,1.03100000,0.11370000,0.56280000,38.46000000,9.27000000,6.64000000,9.27000000,52.15000000,0.06862000,9.36000000,5.73000000,9.27000000,0.02407000,7.30000000,3.70400000
2022-07-08,21594.75000000,1214.04000000,0.34020000,0.46610000,0.06906000,1.01200000,0.11310000,0.60590000,38.12000000,9.13000000,6.36000000,9.13000000,51.35000000,0.06902000,8.98000000,5.80000000,9.13000000,0.02374000,7.04000000,3.58700000
2022-07-09,21591.83000000,1217.02000000,0.34480000,0.47800000,0.06947000,1.03800000,0.11270000,0.58990000,38.06000000,9.37000000,6.48000000,9.37000000,54.09000000,0.06980000,8.98000000,6.46000000,9.37000000,0.02408000,7.25000000,3.79300000
2022-07-10,20862.47000000,1168.36000000,0.32550000,0.46240000,0.06728000,1.00300000,0.10750000,0.57170000,36.71000000,9.26000000,6.20000000,9.26000000,52.12000000,0.06763000,8.79000000,6.23000000,9.26000000,0.02338000,6.86000000,3.52600000
2022-07-11,19963.61000000,1096.40000000,0.31520000,0.43470000,0.06175000,0.94000000,0.10130000,0.56300000,33.42000000,8.36000000,6.04000000,8.36000000,48.71000000,0.06475000,8.18000000,5.57000000,8.36000000,0.02204000,6.53000000,3.22500000
2022-07-12,19328.75000000,1038.58000000,0.31160000,0.41710000,0.05982000,0.91700000,0.10030000,0.53620000,32.68000000,8.07000000,5.94000000,8.07000000,47.33000000,0.06461000,7.81000000,5.54000000,8.07000000,0.02149000,6.28000000,3.18800000
2022-07-13,20234.87000000,1115.00000000,0.32370000,0.43830000,0.06194000,0.95000000,0.10540000,0.63890000,34.94000000,8.56000000,6.17500000,8.56000000,49.56000000,0.06624000,8.21100000,6.12000000,8.56000000,0.02225000,6.47000000,3.33700000
2022-07-14,20588.84000000,1193.42000000,0.33380000,0.44160000,0.06246000,0.97100000,0.10720000,0.70960000,37.15000000,8.71000000,6.27500000,8.71000000,51.32000000,0.06679000,8.99000000,7.02000000,8.71000000,0.02281000,6.72000000,3.49200000
2022-07-15,20830.04000000,1231.25000000,0.33420000,0.44210000,0.06294000,0.97600000,0.10730000,0.70370000,37.36000000,8.85000000,6.32500000,8.85000000,51.78000000,0.06703000,9.05800000,6.78000000,8.85000000,0.02297000,6.79000000,3.50200000
2022-07-16,21195.60000000,1355.85000000,0.35050000,0.45780000,0.06439000,1.00800000,0.10960000,0.72920000,39.58000000,9.26000000,6.59500000,9.26000000,55.08000000,0.06895000,9.23700000,7.38000000,9.26000000,0.02370000,7.20000000,3.64300000
2022-07-17,20798.16000000,1338.65000000,0.34330000,0.44780000,0.06306000,0.98400000,0.10660000,0.75290000,38.62000000,9.32000000,6.34700000,9.32000000,55.76000000,0.06744000,8.92100000,6.94000000,9.32000000,0.02319000,6.92000000,3.52400000
2022-07-18,22432.58000000,1581.04000000,0.36530000,0.49040000,0.06756000,1.05600000,0.11420000,0.95830000,43.52000000,10.39000000,7.03700000,10.39000000,58.60000000,0.06882000,9.57700000,7.33000000,10.39000000,0.02473000,7.66000000,4.06200000
2022-07-19,23396.62000000,1542.32000000,0.37290000,0.51520000,0.06901000,1.07700000,0.11850000,0.92550000,44.87000000,10.50000000,7.25400000,10.50000000,57.90000000,0.06909000,10.51900000,7.35000000,10.50000000,0.02611000,7.79000000,4.53300000
2022-07-20,23223.30000000,1521.58000000,0.36350000,0.49100000,0.07014000,1.04000000,0.11200000,0.83180000,42.04000000,9.75000000,6.86700000,9.75000000,57.20000000,0.06753000,9.68000000,6.86000000,9.75000000,0.02532000,7.47000000,4.18400000
2022-07-21,23152.19000000,1575.45000000,0.36690000,0.49930000,0.06998000,1.05300000,0.11360000,0.90570000,43.11000000,9.87000000,6.99400000,9.87000000,58.02000000,0.06802000,11.05100000,7.23000000,9.87000000,0.02533000,7.53000000,4.37500000
2022-07-22,22684.83000000,1535.27000000,0.35780000,0.48280000,0.06743000,1.17500000,0.11190000,0.85080000,40.54000000,10.53000000,6.78200000,10.53000000,56.09000000,0.06700000,10.64200000,6.89000000,10.53000000,0.02526000,7.29000000,4.32100000
2022-07-23,22451.07000000,1548.67000000,0.35920000,0.51700000,0.06804000,1.16400000,0.11160000,0.87120000,39.97000000,10.05000000,6.84400000,10.05000000,56.32000000,0.06698000,10.11800000,6.97000000,10.05000000,0.02502000,7.33000000,4.30800000
2022-07-24,22579.68000000,1597.70000000,0.35860000,0.51200000,0.06755000,1.20300000,0.11320000,0.87950000,40.93000000,10.26000000,7.09400000,10.26000000,58.39000000,0.06683000,9.97600000,7.24000000,10.26000000,0.02506000,7.40000000,4.35200000
2022-07-25,21310.90000000,1440.79000000,0.33620000,0.47520000,0.06193000,1.10800000,0.10580000,0.77030000,36.65000000,9.22000000,6.43100000,9.22000000,54.00000000,0.06369000,8.98000000,7.04000000,9.22000000,0.02333000,6.76000000,3.78700000
2022-07-26,21254.67000000,1449.12000000,0.33720000,0.46770000,0.06252000,1.11100000,0.10560000,0.78330000,36.25000000,9.28000000,6.34100000,9.28000000,53.88000000,0.06536000,9.22200000,6.66000000,9.28000000,0.02332000,6.78000000,3.75500000
2022-07-27,22952.45000000,1635.74000000,0.35940000,0.51110000,0.06721000,1.25500000,0.11260000,0.89680000,40.23000000,10.05000000,6.86000000,10.05000000,59.01000000,0.06866000,10.31000000,8.03000000,10.05000000,0.02519000,7.68000000,4.14900000
2022-07-28,23842.93000000,1724.52000000,0.37390000,0.51300000,0.06909000,1.31400000,0.11670000,0.93390000,42.91000000,11.01000000,7.21700000,11.01000000,63.41000000,0.06968000,10.86500000,9.28000000,11.01000000,0.02634000,7.86000000,4.36800000
2022-07-29,23773.75000000,1721.68000000,0.36790000,0.52180000,0.06877000,1.30000000,0.11770000,0.93870000,41.91000000,11.30000000,7.88300000,11.30000000,60.65000000,0.06924000,11.16900000,9.08000000,11.30000000,0.02668000,8.19000000,4.36900000
2022-07-30,23643.51000000,1697.00000000,0.38790000,0.52630000,0.06965000,1.30800000,0.11960000,0.93090000,43.84000000,11.35000000,7.82000000,11.35000000,60.42000000,0.06911000,10.70500000,8.78000000,11.35000000,0.02742000,8.21000000,4.35900000
2022-07-31,23293.32000000,1678.12000000,0.37920000,0.51610000,0.06807000,1.33100000,0.11760000,0.92790000,42.35000000,10.98000000,7.65100000,10.98000000,59.74000000,0.06886000,10.35100000,8.32000000,10.98000000,0.02711000,8.62000000,4.23100000
2022-08-01,23268.01000000,1630.28000000,0.37910000,0.51240000,0.06845000,1.25600000,0.11820000,0.89140000,41.65000000,11.16000000,7.57000000,11.16000000,59.44000000,0.06986000,10.39600000,8.36000000,11.16000000,0.02758000,8.17000000,4.27200000
2022-08-02,22987.79000000,1630.91000000,0.37140000,0.49630000,0.06652000,1.18700000,0.11510000,0.87680000,39.79000000,10.96000000,7.17700000,10.96000000,58.05000000,0.06831000,9.91400000,8.25000000,10.96000000,0.02779000,7.93000000,4.31100000
2022-08-03,22818.37000000,1618.16000000,0.36950000,0.50050000,0.06621000,1.17400000,0.11420000,0.88830000,38.54000000,10.73000000,7.28400000,10.73000000,57.77000000,0.06783000,10.15900000,8.91000000,10.73000000,0.02934000,8.00000000,4.51200000
2022-08-04,22622.98000000,1607.96000000,0.37100000,0.49970000,0.06725000,1.18800000,0.11390000,0.89150000,38.83000000,10.81000000,7.36400000,10.81000000,59.65000000,0.06891000,10.35600000,8.82000000,10.81000000,0.02954000,8.10000000,4.42100000
2022-08-05,23312.42000000,1736.81000000,0.37640000,0.51740000,0.06981000,1.25800000,0.11850000,0.92800000,40.55000000,11.81000000,7.87800000,11.81000000,62.47000000,0.06989000,10.96700000,8.96000000,11.81000000,0.03142000,8.80000000,5.19600000
2022-08-06,22954.21000000,1690.60000000,0.37150000,0.51120000,0.06863000,1.22600000,0.12170000,0.90760000,40.07000000,11.43000000,7.79200000,11.43000000,60.83000000,0.06947000,10.63100000,8.77000000,11.43000000,0.03087000,8.52000000,4.90200000
2022-08-07,23174.39000000,1700.19000000,0.37220000,0.52760000,0.06897000,1.22900000,0.12390000,0.90700000,40.60000000,11.46000000,8.34300000,11.46000000,61.10000000,0.06962000,11.36000000,8.79000000,11.46000000,0.03127000,8.65000000,4.98000000
2022-08-08,23810.00000000,1777.05000000,0.37870000,0.53710000,0.07011000,1.25100000,0.13010000,0.92180000,42.18000000,11.67000000,8.60800000,11.67000000,62.61000000,0.07010000,11.81300000,8.79000000,11.67000000,0.03150000,9.27000000,5.48900000
2022-08-09,23149.95000000,1702.76000000,0.36720000,0.51290000,0.06904000,1.17800000,0.12210000,0.89080000,40.33000000,11.01000000,8.74200000,11.01000000,59.16000000,0.06840000,11.38600000,8.44000000,11.01000000,0.03020000,8.89000000,5.36500000
2022-08-10,23954.05000000,1853.57000000,0.38140000,0.53740000,0.07126000,1.27700000,0.12600000,0.93810000,42.47000000,11.69000000,9.05500000,11.69000000,61.59000000,0.07038000,11.97300000,9.22000000,11.69000000,0.03270000,9.52000000,5.90400000
2022-08-11,23934.39000000,1880.19000000,0.38020000,0.53030000,0.07084000,1.31200000,0.12530000,0.92110000,42.77000000,11.72000000,8.95800000,11.72000000,61.84000000,0.07034000,11.75400000,8.96000000,11.72000000,0.03270000,9.20000000,5.76100000
2022-08-12,24403.68000000,1958.28000000,0.37960000,0.54020000,0.07230000,1.32800000,0.12640000,0.93440000,45.48000000,12.03000000,9.32400000,12.03000000,62.88000000,0.07045000,12.05000000,9.21000000,12.03000000,0.03336000,9.48000000,5.97500000
2022-08-13,24441.38000000,1983.55000000,0.37800000,0.55930000,0.07293000,1.35000000,0.12680000,1.02560000,46.60000000,12.00000000,9.14400000,12.00000000,63.80000000,0.06997000,11.90200000,8.99000000,12.00000000,0.03297000,9.31000000,5.88400000
2022-08-14,24305.24000000,1935.31000000,0.37570000,0.56950000,0.08168000,1.30600000,0.12570000,1.00050000,44.87000000,11.50000000,8.76500000,11.50000000,63.14000000,0.07036000,11.58300000,8.87000000,11.50000000,0.03225000,8.96000000,5.61600000
2022-08-15,24094.82000000,1899.06000000,0.37510000,0.54990000,0.07662000,1.27300000,0.12350000,0.95050000,43.72000000,11.28000000,8.64600000,11.28000000,60.67000000,0.06886000,11.40000000,8.47000000,11.28000000,0.03137000,8.78000000,5.39900000
2022-08-16,23854.74000000,1876.67000000,0.37700000,0.55700000,0.08677000,1.38200000,0.12190000,0.93430000,43.08000000,11.16000000,8.45200000,11.16000000,61.33000000,0.06974000,11.39900000,8.33000000,11.16000000,0.03068000,8.84000000,5.26400000
2022-08-17,23342.66000000,1834.25000000,0.37950000,0.53840000,0.08021000,1.48000000,0.12130000,0.88480000,40.54000000,10.96000000,8.06100000,10.96000000,60.52000000,0.06832000,11.74500000,7.96000000,10.96000000,0.02928000,8.37000000,4.98900000
2022-08-18,23191.20000000,1846.39000000,0.37040000,0.51190000,0.07474000,1.48400000,0.11590000,0.85700000,39.52000000,10.44000000,7.64900000,10.44000000,60.02000000,0.06741000,11.44200000,7.58000000,10.44000000,0.02816000,8.08000000,4.85300000
2022-08-19,20834.39000000,1609.01000000,0.33440000,0.45000000,0.06776000,1.27300000,0.10810000,0.76950000,35.81000000,9.54000000,6.89900000,9.54000000,53.99000000,0.06407000,10.75300000,6.90000000,9.54000000,0.02568000,7.31000000,4.25000000
2022-08-20,21140.07000000,1576.04000000,0.33680000,0.45080000,0.06933000,1.41100000,0.10900000,0.78630000,35.28000000,9.57000000,6.90000000,9.57000000,54.10000000,0.06579000,10.23300000,7.00000000,9.57000000,0.02576000,7.22000000,4.15100000
2022-08-21,21515.61000000,1618.13000000,0.34490000,0.46260000,0.06932000,1.57000000,0.11100000,0.82050000,36.47000000,9.89000000,7.08200000,9.89000000,55.67000000,0.06590000,10.64200000,7.21000000,9.89000000,0.02655000,7.44000000,4.22700000
2022-08-22,21399.83000000,1624.66000000,0.34400000,0.46150000,0.06840000,1.83700000,0.10950000,0.80990000,35.41000000,9.68000000,7.04400000,9.68000000,57.22000000,0.06562000,11.09000000,6.98000000,9.68000000,0.02615000,7.41000000,4.11900000
2022-08-23,21529.12000000,1665.41000000,0.34720000,0.46580000,0.06884000,1.80500000,0.11070000,0.83220000,35.68000000,9.95000000,7.24100000,9.95000000,57.08000000,0.06631000,12.12200000,7.11000000,9.95000000,0.02645000,7.64000000,4.30400000
2022-08-24,21368.08000000,1656.56000000,0.34560000,0.45780000,0.06791000,1.77300000,0.10940000,0.81360000,34.89000000,9.93000000,7.12400000,9.93000000,56.46000000,0.06482000,13.01900000,7.05000000,9.93000000,0.02623000,7.56000000,4.26900000
2022-08-25,21559.04000000,1695.11000000,0.34910000,0.46450000,0.06898000,1.73200000,0.11040000,0.81830000,35.27000000,9.99000000,7.12400000,9.99000000,56.63000000,0.06549000,12.85900000,7.03000000,9.99000000,0.02673000,7.58000000,4.31400000
2022-08-26,20241.05000000,1508.18000000,0.33930000,0.43160000,0.06351000,1.54700000,0.10390000,0.76510000,31.72000000,9.00000000,6.50400000,9.00000000,52.68000000,0.06158000,11.54900000,6.16000000,9.00000000,0.02445000,6.93000000,3.93800000
2022-08-27,20037.60000000,1491.06000000,0.33460000,0.44990000,0.06351000,1.53900000,0.10560000,0.80490000,31.53000000,9.13000000,6.52900000,9.13000000,53.01000000,0.06290000,11.17100000,6.06000000,9.13000000,0.02443000,7.04000000,3.91600000
2022-08-28,19555.61000000,1426.76000000,0.32240000,0.42930000,0.06178000,1.42600000,0.10270000,0.78240000,30.44000000,8.88000000,6.25500000,8.88000000,53.41000000,0.06141000,10.56700000,5.74000000,8.88000000,0.02367000,6.86000000,3.76400000
2022-08-29,20285.73000000,1551.80000000,0.33370000,0.45040000,0.06384000,1.49400000,0.10590000,0.81680000,32.42000000,9.39000000,6.70000000,9.39000000,55.80000000,0.06337000,11.43500000,6.34000000,9.39000000,0.02486000,7.27000000,4.03300000
2022-08-30,19811.66000000,1524.59000000,0.32670000,0.45310000,0.06154000,1.39300000,0.10240000,0.81530000,31.47000000,9.07000000,6.55600000,9.07000000,53.01000000,0.06472000,11.92700000,6.17000000,9.07000000,0.02435000,7.00000000,4.20000000
2022-08-31,20050.02000000,1554.10000000,0.32770000,0.44620000,0.06135000,1.37300000,0.10430000,0.83230000,31.50000000,9.03000000,6.62700000,9.03000000,53.84000000,0.06339000,11.81600000,6.15000000,9.03000000,0.02422000,7.03000000,4.37400000
2022-09-01,20131.46000000,1586.16000000,0.33310000,0.45750000,0.06239000,1.48000000,0.10500000,0.88440000,31.61000000,9.15000000,6.92500000,9.15000000,57.58000000,0.06328000,12.73300000,6.31000000,9.15000000,0.02431000,7.18000000,4.34600000
2022-09-02,19951.86000000,1575.35000000,0.33140000,0.45430000,0.06165000,1.54700000,0.10460000,0.87190000,31.23000000,9.04000000,6.92600000,9.04000000,60.99000000,0.06261000,12.61100000,6.40000000,9.04000000,0.02412000,7.30000000,4.17800000
2022-09-03,19831.90000000,1557.46000000,0.32970000,0.48030000,0.06271000,1.51700000,0.10530000,0.88900000,31.12000000,9.16000000,6.85900000,9.16000000,60.15000000,0.06310000,12.62300000,6.31000000,9.16000000,0.02424000,7.28000000,4.17100000
2022-09-04,20000.30000000,1579.28000000,0.33170000,0.50350000,0.06323000,1.49200000,0.10640000,0.89510000,32.16000000,9.50000000,7.15600000,9.50000000,60.90000000,0.06351000,13.04500000,6.48000000,9.50000000,0.02501000,7.37000000,4.24000000
2022-09-05,19796.84000000,1617.80000000,0.33290000,0.49840000,0.06275000,1.56800000,0.10510000,0.88190000,32.18000000,9.36000000,7.37500000,9.36000000,60.39000000,0.06295000,12.63300000,6.58000000,9.36000000,0.02448000,7.36000000,4.23300000
2022-09-06,18790.61000000,1559.01000000,0.32120000,0.46250000,0.05889000,1.39500000,0.09970000,0.81570000,30.88000000,8.54000000,6.65900000,8.54000000,54.11000000,0.06069000,11.77900000,5.82000000,8.54000000,0.02294000,6.87000000,4.07100000
2022-09-07,19292.84000000,1630.00000000,0.33690000,0.47870000,0.06097000,1.66500000,0.10300000,0.84040000,32.69000000,8.88000000,7.08500000,8.88000000,57.31000000,0.06181000,12.92900000,6.12000000,8.88000000,0.02380000,7.20000000,4.37800000
2022-09-08,19319.77000000,1635.37000000,0.33960000,0.47900000,0.06096000,1.60200000,0.10440000,0.84480000,33.61000000,9.44000000,7.40600000,9.44000000,57.96000000,0.06126000,13.88300000,6.18000000,9.44000000,0.02425000,7.39000000,4.69000000
2022-09-09,21360.11000000,1718.23000000,0.35680000,0.50220000,0.06385000,1.66100000,0.11440000,0.89050000,34.67000000,9.87000000,7.74200000,9.87000000,61.13000000,0.06343000,16.12800000,6.51000000,9.87000000,0.02564000,7.75000000,4.81100000
2022-09-10,21648.34000000,1774.12000000,0.35730000,0.51210000,0.06466000,1.74700000,0.11470000,0.90600000,35.03000000,9.89000000,7.90400000,9.89000000,63.28000000,0.06474000,15.99200000,6.68000000,9.89000000,0.02569000,7.77000000,4.81500000
2022-09-11,21826.87000000,1766.11000000,0.35520000,0.50980000,0.06369000,1.71300000,0.11440000,0.89340000,34.99000000,9.81000000,8.02800000,9.81000000,62.16000000,0.06419000,15.69300000,6.49000000,9.81000000,0.02573000,7.70000000,4.89600000
2022-09-12,22395.74000000,1716.37000000,0.35980000,0.50120000,0.06393000,1.66000000,0.11390000,0.93010000,37.44000000,9.91000000,7.76200000,9.91000000,61.38000000,0.06386000,15.52800000,6.65000000,9.91000000,0.02570000,7.66000000,5.09200000
2022-09-13,20173.57000000,1574.40000000,0.33260000,0.46350000,0.05964000,1.47100000,0.10450000,0.84610000,33.00000000,8.91000000,7.02500000,8.91000000,59.10000000,0.06068000,13.90000000,6.03000000,8.91000000,0.02353000,7.06000000,4.41900000
2022-09-14,20226.71000000,1638.39000000,0.34150000,0.48090000,0.06115000,1.47500000,0.10520000,0.86450000,34.12000000,9.10000000,7.45600000,9.10000000,60.18000000,0.06162000,13.96900000,6.18000000,9.10000000,0.02400000,7.21000000,4.50800000
2022-09-15,19701.88000000,1472.75000000,0.32610000,0.46620000,0.05860000,1.38100000,0.10220000,0.82510000,33.07000000,9.13000000,7.56600000,9.13000000,56.34000000,0.06131000,14.89700000,5.89000000,9.13000000,0.02321000,6.93000000,4.18400000
2022-09-16,19803.30000000,1433.90000000,0.35520000,0.47460000,0.06046000,1.42400000,0.10710000,0.80690000,32.25000000,8.99000000,7.65600000,8.99000000,55.95000000,0.06132000,16.60500000,5.83000000,8.99000000,0.02338000,6.90000000,4.20600000
2022-09-17,20113.62000000,1468.83000000,0.37620000,0.48590000,0.06220000,1.47100000,0.11330000,0.82790000,33.68000000,9.08000000,8.09200000,9.08000000,57.83000000,0.06228000,16.40500000,6.02000000,9.08000000,0.02434000,7.06000000,4.37900000
2022-09-18,19416.18000000,1334.51000000,0.35760000,0.44770000,0.05743000,1.27400000,0.10690000,0.75330000,31.10000000,8.24000000,7.52300000,8.24000000,52.63000000,0.06077000,14.69300000,5.47000000,8.24000000,0.02242000,6.44000000,3.91600000
2022-09-19,19537.02000000,1375.98000000,0.38480000,0.45270000,0.05853000,1.29800000,0.11160000,0.76550000,32.62000000,8.38000000,7.30100000,8.38000000,52.91000000,0.06028000,15.62000000,5.48000000,8.38000000,0.02284000,6.39000000,4.05500000
2022-09-20,18875.00000000,1322.93000000,0.41400000,0.44220000,0.05839000,1.33900000,0.11720000,0.73330000,31.41000000,8.34000000,6.88300000,8.34000000,52.30000000,0.05978000,13.91900000,5.30000000,8.34000000,0.02267000,6.28000000,3.82000000
2022-09-21,18461.36000000,1245.78000000,0.39360000,0.43890000,0.05715000,1.18100000,0.11050000,0.70070000,30.65000000,8.04000000,6.68000000,8.04000000,51.09000000,0.05905000,13.39000000,5.34000000,8.04000000,0.02191000,6.12000000,3.64100000
2022-09-22,19401.63000000,1326.46000000,0.48620000,0.45840000,0.05958000,1.23800000,0.12300000,0.75210000,32.43000000,8.44000000,7.12300000,8.44000000,53.57000000,0.06022000,14.63300000,5.74000000,8.44000000,0.02288000,6.45000000,3.86500000
2022-09-23,19289.91000000,1327.25000000,0.50690000,0.46180000,0.06337000,1.22900000,0.12320000,0.77840000,33.66000000,8.57000000,7.44900000,8.57000000,55.22000000,0.06042000,14.22300000,5.91000000,8.57000000,0.02324000,6.44000000,3.79200000
2022-09-24,18920.50000000,1317.13000000,0.48780000,0.45110000,0.06310000,1.19900000,0.11790000,0.75270000,33.38000000,8.41000000,7.62900000,8.41000000,53.43000000,0.05985000,13.63500000,5.80000000,8.41000000,0.02286000,6.27000000,3.69900000
2022-09-25,18807.38000000,1294.63000000,0.49170000,0.44640000,0.06117000,1.16500000,0.11730000,0.73970000,32.34000000,8.28000000,7.86500000,8.28000000,52.53000000,0.05970000,13.97600000,5.66000000,8.28000000,0.02240000,6.20000000,3.64900000
2022-09-26,19227.82000000,1336.17000000,0.46830000,0.44730000,0.06113000,1.18200000,0.11380000,0.75570000,33.88000000,8.40000000,7.94500000,8.40000000,53.44000000,0.05959000,13.91300000,5.92000000,8.40000000,0.02271000,6.56000000,3.68600000
2022-09-27,19079.13000000,1328.02000000,0.44570000,0.44110000,0.06048000,1.15400000,0.11020000,0.73890000,32.69000000,8.87000000,8.05600000,8.87000000,52.65000000,0.05938000,13.49100000,6.38000000,8.87000000,0.02261000,6.37000000,3.61800000
2022-09-28,19412.82000000,1337.20000000,0.44890000,0.43610000,0.06051000,1.14800000,0.10830000,0.74730000,33.22000000,8.62000000,7.79500000,8.62000000,53.29000000,0.05954000,12.99700000,6.56000000,8.62000000,0.02288000,6.38000000,3.57800000
2022-09-29,19591.51000000,1335.70000000,0.48770000,0.43810000,0.06086000,1.20500000,0.11540000,0.76310000,33.93000000,8.78000000,7.89900000,8.78000000,53.96000000,0.06099000,12.77100000,6.38000000,8.78000000,0.02346000,6.43000000,3.58700000
2022-09-30,19422.61000000,1328.72000000,0.47990000,0.43470000,0.06167000,1.18300000,0.11460000,0.77780000,33.25000000,8.84000000,7.58500000,8.84000000,53.48000000,0.06101000,13.02400000,6.46000000,8.84000000,0.02308000,6.32000000,3.55900000
2022-10-01,19310.95000000,1311.79000000,0.47540000,0.43000000,0.06059000,1.22400000,0.12150000,0.76700000,32.44000000,8.77000000,7.39400000,8.77000000,52.92000000,0.06049000,12.68200000,6.40000000,8.77000000,0.02333000,6.27000000,3.55600000
2022-10-02,19056.80000000,1276.72000000,0.44850000,0.41940000,0.05927000,1.16000000,0.11850000,0.76310000,32.06000000,8.51000000,7.11000000,8.51000000,51.82000000,0.06093000,11.99200000,6.26000000,8.51000000,0.02257000,6.15000000,3.48000000
2022-10-03,19629.08000000,1323.09000000,0.46210000,0.42760000,0.06034000,1.18600000,0.11680000,0.80020000,32.89000000,8.73000000,7.33000000,8.73000000,54.17000000,0.06137000,12.85500000,6.63000000,8.73000000,0.02352000,6.37000000,3.54100000
2022-10-04,20337.82000000,1361.49000000,0.47950000,0.43550000,0.06584000,1.20000000,0.11910000,0.83510000,34.09000000,8.92000000,7.72300000,8.92000000,55.28000000,0.06236000,13.01900000,6.65000000,8.92000000,0.02394000,6.50000000,3.62300000
2022-10-05,20158.26000000,1352.20000000,0.48870000,0.43090000,0.06478000,1.17500000,0.11890000,0.85120000,34.04000000,8.74000000,7.87500000,8.74000000,54.63000000,0.06245000,13.00500000,6.81000000,8.74000000,0.02388000,6.44000000,3.69600000
2022-10-06,19960.67000000,1352.06000000,0.49340000,0.42880000,0.06345000,1.15500000,0.11950000,0.83360000,33.36000000,8.56000000,7.63200000,8.56000000,53.53000000,0.06277000,13.01600000,6.87000000,8.56000000,0.02342000,6.34000000,3.62300000
2022-10-07,19530.09000000,1331.10000000,0.51770000,0.42400000,0.06235000,1.12100000,0.12220000,0.83150000,32.98000000,8.50000000,7.60600000,8.50000000,52.83000000,0.06251000,13.05600000,6.79000000,8.50000000,0.02316000,6.33000000,3.55200000
2022-10-08,19417.96000000,1315.48000000,0.51700000,0.42190000,0.06165000,1.11200000,0.12610000,0.81440000,32.58000000,8.50000000,7.45500000,8.50000000,52.79000000,0.06205000,13.14800000,6.51000000,8.50000000,0.02293000,6.31000000,3.49400000
2022-10-09,19439.02000000,1323.13000000,0.53250000,0.42300000,0.06212000,1.12100000,0.12870000,0.82550000,32.92000000,8.53000000,7.63000000,8.53000000,53.90000000,0.06236000,13.19400000,6.63000000,8.53000000,0.02310000,6.48000000,3.51800000
2022-10-10,19131.87000000,1290.03000000,0.49390000,0.40120000,0.05938000,1.03400000,0.12360000,0.81360000,31.96000000,8.18000000,7.33500000,8.18000000,52.63000000,0.06274000,12.43600000,6.39000000,8.18000000,0.02277000,6.25000000,3.21800000
2022-10-11,19060.00000000,1280.11000000,0.48610000,0.39080000,0.06025000,1.04300000,0.11610000,0.79090000,30.80000000,8.03000000,7.13500000,8.03000000,52.03000000,0.06166000,12.17300000,6.00000000,8.03000000,0.02275000,6.17000000,3.17300000
2022-10-12,19155.53000000,1294.44000000,0.48810000,0.38140000,0.05981000,1.03900000,0.11640000,0.78290000,31.16000000,8.02000000,7.14500000,8.02000000,52.23000000,0.06173000,11.74200000,6.06000000,8.02000000,0.02276000,6.18000000,3.15500000
2022-10-13,19375.13000000,1287.08000000,0.47910000,0.37680000,0.05965000,1.01500000,0.11210000,0.77500000,30.49000000,7.89000000,7.02700000,7.89000000,51.10000000,0.06100000,11.33900000,6.14000000,7.89000000,0.02303000,6.11000000,3.04000000
2022-10-14,19176.93000000,1296.27000000,0.48830000,0.36670000,0.05866000,1.00800000,0.11250000,0.79330000,30.00000000,7.74000000,6.88700000,7.74000000,51.31000000,0.06393000,11.64300000,6.28000000,7.74000000,0.02282000,6.05000000,3.00700000
2022-10-15,19069.39000000,1274.92000000,0.48180000,0.36410000,0.05857000,1.05100000,0.11200000,0.78920000,29.59000000,7.72000000,6.88600000,7.72000000,50.39000000,0.06174000,11.51500000,6.04000000,7.72000000,0.02276000,6.05000000,2.92400000
2022-10-16,19262.98000000,1305.95000000,0.47660000,0.37030000,0.05891000,1.05000000,0.11350000,0.79840000,30.17000000,7.88000000,7.17300000,7.88000000,51.43000000,0.06187000,11.69900000,6.10000000,7.88000000,0.02294000,6.18000000,3.00200000
2022-10-17,19549.86000000,1331.40000000,0.48040000,0.37230000,0.05998000,1.06400000,0.11420000,0.84820000,31.21000000,8.04000000,7.32800000,8.04000000,51.82000000,0.06265000,12.43000000,6.39000000,8.04000000,0.02331000,6.26000000,3.06100000
2022-10-18,19327.44000000,1310.71000000,0.46580000,0.36240000,0.05976000,1.05000000,0.11240000,0.86420000,30.15000000,7.90000000,7.12700000,7.90000000,51.86000000,0.06218000,12.52200000,6.53000000,7.90000000,0.02302000,6.16000000,2.96600000
2022-10-19,19123.97000000,1285.09000000,0.45040000,0.34970000,0.05868000,1.00400000,0.11080000,0.84450000,28.86000000,7.69000000,6.77200000,7.69000000,50.94000000,0.06174000,11.75300000,6.57000000,7.69000000,0.02235000,6.10000000,2.82600000
2022-10-20,19041.92000000,1282.57000000,0.44650000,0.34020000,0.05942000,1.04300000,0.11000000,0.80940000,28.01000000,7.76000000,6.65700000,7.76000000,51.22000000,0.06215000,11.37800000,6.09000000,7.76000000,0.02183000,5.89000000,2.87000000
2022-10-21,19164.37000000,1299.75000000,0.46140000,0.34920000,0.05933000,1.07000000,0.11100000,0.83200000,28.10000000,7.85000000,6.80900000,7.85000000,51.63000000,0.06167000,11.73600000,6.03000000,7.85000000,0.02246000,5.84000000,2.88700000
2022-10-22,19204.35000000,1313.61000000,0.46530000,0.35130000,0.05968000,1.06700000,0.11130000,0.83190000,28.01000000,8.02000000,6.86800000,8.02000000,52.18000000,0.06158000,11.71500000,6.09000000,8.02000000,0.02260000,5.85000000,2.91900000
2022-10-23,19570.40000000,1364.20000000,0.46880000,0.36210000,0.06038000,1.09500000,0.11200000,0.89860000,29.28000000,8.54000000,7.06600000,8.54000000,54.03000000,0.06188000,12.11400000,6.29000000,8.54000000,0.02280000,5.97000000,2.98300000
2022-10-24,19329.72000000,1343.61000000,0.45290000,0.35730000,0.05945000,1.06700000,0.11030000,0.89310000,28.30000000,8.21000000,6.90600000,8.21000000,52.54000000,0.06131000,11.65000000,6.15000000,8.21000000,0.02247000,5.92000000,2.91900000
2022-10-25,20080.07000000,1459.74000000,0.46050000,0.40000000,0.06305000,1.09900000,0.11170000,0.91760000,30.86000000,8.51000000,7.06300000,8.51000000,55.92000000,0.06235000,11.99900000,6.58000000,8.51000000,0.02286000,6.43000000,3.00100000
2022-10-26,20771.59000000,1566.10000000,0.46890000,0.40300000,0.07265000,1.12800000,0.11340000,0.93730000,31.29000000,8.58000000,7.15700000,8.58000000,56.39000000,0.06341000,12.27800000,6.69000000,8.58000000,0.02336000,6.47000000,3.05500000
2022-10-27,20295.11000000,1514.05000000,0.46150000,0.38840000,0.07689000,1.12500000,0.11090000,0.90360000,30.58000000,8.43000000,6.89200000,8.43000000,54.75000000,0.06296000,12.65500000,6.80000000,8.43000000,0.02291000,6.34000000,2.96400000
2022-10-28,20591.84000000,1554.41000000,0.47440000,0.40440000,0.08387000,1.13700000,0.11260000,0.94440000,32.07000000,8.63000000,7.10900000,8.63000000,54.92000000,0.06356000,13.53000000,6.85000000,8.63000000,0.02349000,6.52000000,3.02300000
2022-10-29,20809.67000000,1619.55000000,0.47010000,0.42000000,0.12176000,1.13700000,0.11350000,0.93360000,32.87000000,8.82000000,7.63600000,8.82000000,56.60000000,0.06428000,13.47200000,7.10000000,8.82000000,0.02405000,6.63000000,3.08800000
2022-10-30,20627.48000000,1590.44000000,0.45820000,0.40560000,0.11773000,1.10900000,0.11120000,0.90840000,32.94000000,8.59000000,7.78200000,8.59000000,55.35000000,0.06310000,13.92000000,6.89000000,8.59000000,0.02356000,6.66000000,3.10100000
2022-10-31,20490.74000000,1572.69000000,0.46410000,0.40550000,0.12686000,1.14800000,0.11130000,0.90260000,32.56000000,8.51000000,7.85700000,8.51000000,55.01000000,0.06325000,14.31900000,6.96000000,8.51000000,0.02394000,6.62000000,3.10600000
2022-11-01,20483.62000000,1578.48000000,0.46360000,0.40110000,0.14211000,1.14200000,0.10990000,0.87390000,32.20000000,8.43000000,7.68400000,8.43000000,55.10000000,0.06277000,14.07400000,7.12000000,8.43000000,0.02352000,6.46000000,3.01300000
2022-11-02,20151.84000000,1518.34000000,0.44970000,0.38560000,0.12765000,1.11900000,0.10750000,0.87340000,30.80000000,8.20000000,7.43700000,8.20000000,60.95000000,0.06157000,13.29500000,7.10000000,8.20000000,0.02315000,6.25000000,2.90100000
2022-11-03,20207.82000000,1531.01000000,0.45480000,0.38950000,0.12262000,1.14900000,0.10880000,0.95120000,30.85000000,8.36000000,7.72000000,8.36000000,61.84000000,0.06171000,13.51000000,6.91000000,8.36000000,0.02366000,6.41000000,3.03000000
2022-11-04,21148.52000000,1644.78000000,0.50640000,0.42160000,0.12613000,1.19600000,0.11560000,1.16920000,33.74000000,8.98000000,8.71500000,8.98000000,67.58000000,0.06381000,15.03500000,7.55000000,8.98000000,0.02541000,7.05000000,3.30700000
2022-11-05,21299.37000000,1626.98000000,0.49300000,0.42640000,0.12445000,1.16800000,0.11360000,1.18460000,36.90000000,9.04000000,8.66300000,9.04000000,69.23000000,0.06363000,15.38000000,7.69000000,9.04000000,0.02597000,7.03000000,3.33200000
2022-11-06,20905.58000000,1568.29000000,0.47090000,0.40210000,0.11477000,1.11300000,0.10900000,1.13500000,32.62000000,8.55000000,8.10100000,8.55000000,68.26000000,0.06268000,14.44300000,7.06000000,8.55000000,0.02467000,6.81000000,3.09400000
2022-11-07,20591.13000000,1568.10000000,0.46480000,0.40410000,0.11123000,1.13400000,0.10970000,1.25740000,29.62000000,8.64000000,8.95600000,8.64000000,67.42000000,0.06227000,14.27500000,7.01000000,8.64000000,0.02677000,7.12000000,3.05100000
2022-11-08,18547.23000000,1334.77000000,0.40590000,0.37220000,0.08827000,0.96400000,0.09880000,1.04400000,24.38000000,7.42000000,7.70800000,7.42000000,57.82000000,0.05872000,12.14600000,6.07000000,7.42000000,0.02342000,6.30000000,2.63300000
2022-11-09,15922.81000000,1102.73000000,0.33310000,0.31750000,0.07450000,0.82400000,0.08310000,0.81650000,14.08000000,6.19000000,6.23100000,6.19000000,50.68000000,0.05338000,9.79100000,4.90000000,6.19000000,0.01949000,5.41000000,2.03000000
2022-11-10,17601.15000000,1299.28000000,0.39420000,0.36870000,0.08978000,0.93800000,0.09720000,1.12450000,17.66000000,7.15000000,7.21000000,7.15000000,60.56000000,0.05782000,12.17000000,5.77000000,7.15000000,0.02216000,5.97000000,2.31500000
2022-11-11,17070.31000000,1289.28000000,0.38430000,0.35560000,0.08509000,0.93500000,0.09530000,1.06430000,16.45000000,6.82000000,7.04400000,6.82000000,61.49000000,0.05601000,11.67200000,6.10000000,6.82000000,0.02144000,5.75000000,2.13100000
2022-11-12,16812.08000000,1257.25000000,0.36360000,0.33970000,0.08815000,0.89300000,0.09110000,0.93960000,14.58000000,6.57000000,6.28100000,6.57000000,59.94000000,0.05502000,10.95100000,5.56000000,6.57000000,0.02009000,5.77000000,2.00000000
2022-11-13,16329.85000000,1221.49000000,0.34080000,0.32980000,0.08495000,0.88300000,0.08820000,0.88940000,13.18000000,6.65000000,6.07800000,6.65000000,57.37000000,0.05084000,10.19000000,5.80000000,6.65000000,0.01920000,5.75000000,1.95300000
2022-11-14,16619.46000000,1243.28000000,0.37760000,0.33230000,0.08595000,0.91600000,0.09130000,0.91770000,14.00000000,6.74000000,6.29100000,6.74000000,56.70000000,0.05015000,10.32900000,6.09000000,6.74000000,0.01917000,5.86000000,1.97100000
2022-11-15,16900.57000000,1253.23000000,0.38880000,0.33730000,0.08706000,0.92600000,0.09250000,0.94170000,14.32000000,6.80000000,6.42100000,6.80000000,58.01000000,0.05074000,10.55600000,6.28000000,6.80000000,0.01973000,5.92000000,1.98000000
2022-11-16,16662.76000000,1216.17000000,0.37520000,0.33200000,0.08548000,0.89800000,0.08980000,0.89810000,14.27000000,6.64000000,6.17900000,6.64000000,57.49000000,0.05016000,10.15200000,5.96000000,6.64000000,0.01988000,5.71000000,1.92200000
2022-11-17,16692.56000000,1200.43000000,0.38190000,0.32500000,0.08467000,0.90000000,0.09040000,0.87430000,13.65000000,6.58000000,6.22500000,6.58000000,62.59000000,0.05006000,9.91800000,5.73000000,6.58000000,0.01931000,5.67000000,1.83200000
2022-11-18,16700.45000000,1212.58000000,0.38290000,0.32600000,0.08474000,0.89800000,0.08920000,0.87950000,13.27000000,6.64000000,6.18300000,6.64000000,62.62000000,0.05068000,9.97200000,5.85000000,6.64000000,0.01921000,5.65000000,1.78400000
2022-11-19,16700.68000000,1217.67000000,0.38410000,0.32800000,0.08455000,0.90300000,0.09050000,0.87620000,12.84000000,6.79000000,6.14600000,6.79000000,63.98000000,0.05215000,9.99500000,5.76000000,6.79000000,0.01918000,5.61000000,1.74700000
2022-11-20,16280.23000000,1142.21000000,0.36080000,0.31200000,0.07703000,0.87100000,0.08650000,0.80690000,12.27000000,6.47000000,5.76800000,6.47000000,62.12000000,0.05008000,9.35400000,5.44000000,6.47000000,0.01800000,5.30000000,1.57000000
2022-11-21,15781.29000000,1107.34000000,0.36450000,0.30460000,0.07466000,0.84800000,0.08430000,0.79600000,11.83000000,6.43000000,5.87600000,6.43000000,61.31000000,0.05155000,9.01100000,5.19000000,6.43000000,0.01775000,5.18000000,1.56000000
2022-11-22,16226.94000000,1139.60000000,0.37570000,0.31260000,0.07876000,0.87900000,0.08710000,0.85130000,12.44000000,6.66000000,6.42200000,6.66000000,70.66000000,0.05072000,9.54700000,5.31000000,6.66000000,0.01817000,5.28000000,1.62700000
2022-11-23,16603.11000000,1184.52000000,0.38150000,0.31850000,0.08197000,0.91200000,0.08860000,0.86140000,14.36000000,6.99000000,6.70700000,6.99000000,79.02000000,0.05180000,9.93300000,5.49000000,6.99000000,0.01902000,5.44000000,1.69200000
2022-11-24,16598.95000000,1203.73000000,0.40180000,0.31630000,0.08146000,0.91200000,0.09000000,0.84890000,14.59000000,6.86000000,6.83100000,6.86000000,78.66000000,0.05283000,10.15300000,5.45000000,6.86000000,0.01910000,5.39000000,1.64300000
2022-11-25,16522.14000000,1199.30000000,0.40780000,0.31460000,0.08950000,0.93300000,0.08920000,0.84420000,14.03000000,6.87000000,6.84800000,6.87000000,74.10000000,0.05297000,10.02500000,5.41000000,6.87000000,0.01900000,5.26000000,1.64600000
2022-11-26,16458.57000000,1205.60000000,0.39600000,0.31380000,0.08893000,0.93400000,0.08810000,0.84640000,14.17000000,6.99000000,7.15600000,6.99000000,76.47000000,0.05279000,10.11100000,5.42000000,6.99000000,0.01890000,5.30000000,1.61200000
2022-11-27,16428.78000000,1193.88000000,0.39620000,0.31260000,0.09868000,0.92900000,0.09020000,0.84400000,14.12000000,6.84000000,6.90200000,6.84000000,74.92000000,0.05327000,9.92500000,5.41000000,6.84000000,0.01878000,5.30000000,1.61400000
2022-11-28,16212.91000000,1167.77000000,0.38880000,0.30660000,0.09513000,0.90400000,0.08730000,0.82130000,13.32000000,6.61000000,7.19400000,6.61000000,73.97000000,0.05299000,9.86200000,5.29000000,6.61000000,0.01823000,5.13000000,1.59100000
2022-11-29,16442.53000000,1216.49000000,0.39810000,0.30920000,0.10146000,0.91800000,0.08850000,0.83840000,13.34000000,6.68000000,7.31800000,6.68000000,75.80000000,0.05326000,10.18100000,5.46000000,6.68000000,0.01853000,5.30000000,1.60600000
2022-11-30,17163.64000000,1294.46000000,0.40780000,0.31870000,0.10677000,0.95100000,0.08990000,0.93300000,14.16000000,7.00000000,7.67200000,7.00000000,79.16000000,0.05461000,10.49400000,5.86000000,7.00000000,0.01923000,5.46000000,1.72300000
2022-12-01,16977.37000000,1276.41000000,0.39690000,0.31450000,0.10175000,0.93100000,0.08770000,0.90890000,13.51000000,6.79000000,7.68100000,6.79000000,77.57000000,0.05415000,10.26800000,5.91000000,6.79000000,0.01906000,5.41000000,1.74200000
2022-12-02,17092.74000000,1295.59000000,0.39610000,0.31910000,0.10210000,0.94200000,0.08810000,0.94880000,13.71000000,7.00000000,7.61000000,7.00000000,77.94000000,0.05445000,10.36600000,6.34000000,7.00000000,0.01942000,5.62000000,1.75600000
2022-12-03,16885.20000000,1240.51000000,0.38730000,0.31960000,0.09970000,0.92200000,0.08630000,0.90290000,13.29000000,6.81000000,7.23500000,6.81000000,76.47000000,0.05358000,10.02100000,6.10000000,6.81000000,0.01902000,5.49000000,1.67000000
2022-12-04,17105.70000000,1279.41000000,0.38950000,0.32210000,0.10406000,0.93000000,0.08770000,0.92120000,13.71000000,6.90000000,7.44400000,6.90000000,77.07000000,0.05309000,10.25500000,6.27000000,6.90000000,0.01931000,5.59000000,1.72300000
2022-12-05,16966.35000000,1259.41000000,0.38930000,0.31930000,0.10149000,0.93100000,0.08690000,0.91160000,13.82000000,6.94000000,7.27500000,6.94000000,80.19000000,0.05334000,10.26400000,6.17000000,6.94000000,0.01916000,5.48000000,1.71800000
2022-12-06,17088.96000000,1271.32000000,0.39140000,0.31830000,0.10019000,0.95800000,0.08600000,0.91760000,14.30000000,7.14000000,7.13200000,7.14000000,79.88000000,0.05364000,10.16600000,6.18000000,7.14000000,0.01922000,5.50000000,1.78900000
2022-12-07,16836.64000000,1231.18000000,0.38350000,0.31020000,0.09575000,0.98900000,0.08420000,0.89730000,13.49000000,6.85000000,6.88100000,6.85000000,76.89000000,0.05312000,9.61700000,6.00000000,6.85000000,0.01867000,5.29000000,1.69100000
2022-12-08,17224.10000000,1280.18000000,0.39410000,0.31450000,0.09847000,0.99500000,0.08560000,0.92760000,13.69000000,7.08000000,7.00000000,7.08000000,78.27000000,0.05448000,9.83300000,6.19000000,7.08000000,0.01910000,5.42000000,1.70600000
2022-12-09,17128.56000000,1263.10000000,0.38890000,0.31180000,0.09670000,1.03200000,0.08530000,0.90970000,13.59000000,7.04000000,6.86300000,7.04000000,76.31000000,0.05464000,9.75800000,6.17000000,7.04000000,0.01899000,5.30000000,1.69800000
2022-12-10,17127.49000000,1266.35000000,0.38650000,0.31260000,0.09632000,1.03400000,0.08530000,0.90820000,13.58000000,7.16000000,6.85800000,7.16000000,76.36000000,0.05483000,9.94500000,6.08000000,7.16000000,0.01920000,5.27000000,1.70500000
2022-12-11,17085.05000000,1263.01000000,0.38090000,0.30740000,0.09266000,1.00400000,0.08380000,0.89220000,13.42000000,7.23000000,6.70000000,7.23000000,76.50000000,0.05397000,9.53400000,5.92000000,7.23000000,0.01902000,5.17000000,1.63300000
2022-12-12,17209.83000000,1275.40000000,0.38740000,0.30690000,0.09029000,0.98200000,0.08430000,0.91070000,13.31000000,7.46000000,6.70100000,7.46000000,76.23000000,0.05352000,9.62200000,5.92000000,7.46000000,0.01892000,5.17000000,1.63100000
2022-12-13,17774.70000000,1320.69000000,0.39520000,0.31420000,0.09105000,1.00100000,0.08400000,0.92440000,13.89000000,7.30000000,6.92600000,7.30000000,77.39000000,0.05450000,9.75400000,6.11000000,7.30000000,0.01909000,5.28000000,1.71000000
2022-12-14,17803.15000000,1307.44000000,0.38530000,0.30790000,0.08824000,0.97700000,0.08300000,0.90260000,14.12000000,7.18000000,6.71800000,7.18000000,75.30000000,0.05558000,9.59100000,5.90800000,7.18000000,0.01874000,5.21500000,1.65900000
2022-12-15,17356.34000000,1266.54000000,0.37800000,0.30030000,0.08485000,0.95600000,0.08190000,0.87870000,14.04000000,7.29000000,6.45600000,7.29000000,72.42000000,0.05577000,9.42600000,5.79900000,7.29000000,0.01815000,5.23000000,1.59000000
2022-12-16,16632.12000000,1166.83000000,0.35110000,0.26320000,0.07569000,0.87300000,0.07430000,0.79530000,12.25000000,6.72000000,5.89300000,6.72000000,66.25000000,0.05292000,8.58700000,5.30000000,6.72000000,0.01688000,4.65200000,1.37000000
2022-12-17,16776.52000000,1187.16000000,0.35450000,0.26720000,0.07919000,0.89100000,0.07570000,0.81560000,12.51000000,6.69000000,6.03000000,6.69000000,64.89000000,0.05486000,8.80300000,5.38600000,6.69000000,0.01688000,4.70800000,1.39500000
2022-12-18,16738.21000000,1183.06000000,0.34990000,0.26590000,0.07847000,0.88200000,0.07640000,0.81260000,12.38000000,6.73000000,5.94900000,6.73000000,64.37000000,0.05378000,8.85700000,5.32800000,6.73000000,0.01664000,4.65700000,1.36400000
2022-12-19,16438.88000000,1167.82000000,0.33890000,0.25290000,0.07133000,0.84800000,0.07320000,0.77370000,11.94000000,6.30000000,5.79000000,6.30000000,63.37000000,0.05356000,8.64400000,5.09000000,6.30000000,0.01579000,4.48100000,1.25900000
2022-12-20,16895.56000000,1216.94000000,0.34820000,0.25870000,0.07483000,0.88900000,0.07600000,0.80120000,12.26000000,6.55000000,6.01300000,6.55000000,65.55000000,0.05497000,8.95100000,5.36200000,6.55000000,0.01628000,4.60500000,1.34300000
2022-12-21,16824.67000000,1213.78000000,0.34490000,0.25340000,0.07374000,0.88900000,0.07520000,0.79380000,12.14000000,6.46000000,5.98900000,6.46000000,65.40000000,0.05492000,8.86400000,5.32200000,6.46000000,0.01639000,4.48500000,1.30700000
2022-12-22,16821.43000000,1217.71000000,0.34920000,0.25660000,0.07685000,0.88800000,0.07580000,0.79660000,11.82000000,6.45000000,6.00500000,6.45000000,66.21000000,0.05554000,8.99000000,5.37200000,6.45000000,0.01638000,4.53100000,1.32200000
2022-12-23,16778.50000000,1219.99000000,0.35430000,0.25940000,0.07721000,0.88500000,0.07540000,0.79910000,11.78000000,6.42000000,5.94100000,6.42000000,65.75000000,0.05423000,8.91300000,5.26500000,6.42000000,0.01627000,4.47300000,1.34100000
2022-12-24,16836.12000000,1220.41000000,0.35170000,0.25920000,0.07752000,0.88100000,0.07430000,0.79580000,11.45000000,6.39000000,5.91600000,6.39000000,65.76000000,0.05473000,8.96200000,5.20200000,6.39000000,0.01626000,4.45200000,1.33700000
2022-12-25,16832.11000000,1218.51000000,0.34570000,0.25910000,0.07598000,0.87800000,0.07390000,0.79500000,11.38000000,6.26000000,5.99000000,6.26000000,69.15000000,0.05481000,9.01000000,5.16100000,6.26000000,0.01616000,4.49200000,1.33200000
2022-12-26,16919.39000000,1228.11000000,0.36580000,0.26520000,0.07568000,0.88800000,0.07530000,0.81540000,11.32000000,6.25000000,6.04800000,6.25000000,70.78000000,0.05459000,9.18300000,5.20300000,6.25000000,0.01618000,4.57100000,1.36200000
2022-12-27,16706.36000000,1211.55000000,0.36750000,0.26030000,0.07372000,0.89600000,0.07410000,0.80630000,11.09000000,6.20000000,5.90300000,6.20000000,68.67000000,0.05415000,9.21500000,5.19300000,6.20000000,0.01599000,4.47800000,1.36200000
2022-12-28,16547.31000000,1190.15000000,0.35580000,0.24820000,0.07040000,0.87100000,0.07170000,0.78270000,9.76000000,6.06000000,5.67500000,6.06000000,66.32000000,0.05416000,9.13400000,4.97000000,6.06000000,0.01563000,4.28600000,1.31600000
2022-12-29,16633.47000000,1200.49000000,0.34210000,0.24400000,0.07094000,0.86500000,0.07200000,0.77690000,9.64000000,6.17000000,5.60100000,6.17000000,66.66000000,0.05402000,9.33000000,5.04800000,6.17000000,0.01572000,4.30900000,1.29700000
2022-12-30,16607.48000000,1199.99000000,0.34510000,0.24580000,0.06840000,0.86300000,0.07240000,0.76120000,9.90000000,6.09000000,5.47500000,6.09000000,67.94000000,0.05439000,9.38200000,5.09800000,6.09000000,0.01568000,4.32400000,1.27700000
2022-12-31,16542.40000000,1196.13000000,0.33890000,0.24580000,0.07025000,0.86200000,0.07100000,0.75830000,9.97000000,6.14000000,5.57500000,6.14000000,70.14000000,0.05450000,9.35300000,5.16600000,6.14000000,0.01580000,4.30900000,1.25600000
2023-01-01,16616.75000000,1200.34000000,0.33870000,0.24990000,0.07024000,0.87900000,0.07260000,0.76030000,9.99000000,6.40000000,5.62800000,6.40000000,70.91000000,0.05481000,9.46200000,5.24800000,6.40000000,0.01605000,4.37100000,1.27600000
2023-01-02,16672.87000000,1214.00000000,0.34820000,0.25380000,0.07140000,0.88200000,0.07370000,0.78090000,11.28000000,6.53000000,5.69100000,6.53000000,74.74000000,0.05517000,9.81800000,5.37100000,6.53000000,0.01616000,4.49200000,1.31400000
2023-01-03,16675.18000000,1214.55000000,0.34360000,0.25290000,0.07049000,0.88000000,0.07360000,0.77980000,13.37000000,6.43000000,5.62100000,6.43000000,75.57000000,0.05483000,10.15700000,5.37900000,6.43000000,0.01609000,4.52600000,1.33500000
2023-01-04,16850.36000000,1256.90000000,0.34720000,0.26780000,0.07311000,0.90700000,0.07380000,0.80680000,13.43000000,6.59000000,5.80900000,6.59000000,75.46000000,0.05477000,10.19600000,5.53200000,6.59000000,0.01660000,4.63200000,1.55000000
2023-01-05,16831.85000000,1251.24000000,0.33800000,0.26920000,0.07152000,0.89200000,0.07290000,0.78900000,13.43000000,6.52000000,5.66000000,6.52000000,74.25000000,0.05374000,10.08500000,5.37700000,6.52000000,0.01624000,4.62000000,1.52400000
2023-01-06,16950.65000000,1269.14000000,0.34430000,0.27860000,0.07241000,0.89500000,0.07510000,0.79920000,13.50000000,6.56000000,5.71200000,6.56000000,75.91000000,0.05249000,10.25100000,5.52000000,6.56000000,0.01642000,4.68400000,1.59100000
2023-01-07,16943.57000000,1264.07000000,0.34420000,0.27680000,0.07219000,0.89100000,0.07560000,0.80630000,13.10000000,6.56000000,5.83000000,6.56000000,76.40000000,0.05201000,10.19600000,5.41400000,6.56000000,0.01637000,4.66400000,1.56000000
2023-01-08,17127.83000000,1290.16000000,0.34520000,0.29740000,0.07363000,0.91100000,0.07730000,0.84070000,14.45000000,6.74000000,5.96300000,6.74000000,78.68000000,0.05439000,10.54900000,5.58000000,6.74000000,0.01710000,4.82600000,1.64700000
2023-01-09,17178.26000000,1320.39000000,0.34900000,0.31680000,0.07566000,0.93600000,0.07940000,0.84260000,16.25000000,6.83000000,6.06500000,6.83000000,81.62000000,0.05461000,11.11200000,5.79000000,6.83000000,0.01747000,4.88700000,1.64200000
2023-01-10,17440.66000000,1335.62000000,0.35070000,0.32220000,0.07782000,0.94700000,0.07960000,0.85850000,16.20000000,6.88000000,6.16600000,6.88000000,80.83000000,0.05486000,11.32700000,5.78100000,6.88000000,0.01817000,4.92000000,1.64400000
2023-01-11,17943.26000000,1389.39000000,0.37280000,0.32300000,0.07814000,0.97800000,0.08140000,0.89140000,16.36000000,7.03000000,6.28400000,7.03000000,84.08000000,0.05652000,11.85600000,5.91900000,7.03000000,0.01839000,5.13500000,1.82000000
2023-01-12,18846.62000000,1415.92000000,0.37480000,0.32930000,0.08025000,0.99000000,0.08160000,0.91520000,16.59000000,7.18000000,6.38700000,7.18000000,86.09000000,0.05710000,12.27300000,6.18100000,7.18000000,0.01884000,5.23200000,1.83100000
2023-01-13,19930.01000000,1451.20000000,0.38580000,0.34560000,0.08450000,1.01200000,0.08460000,0.93040000,18.29000000,7.47000000,6.60500000,7.47000000,86.23000000,0.06010000,12.40600000,6.30700000,7.47000000,0.02012000,5.40100000,1.95600000
2023-01-14,20954.92000000,1549.90000000,0.39530000,0.35250000,0.08729000,1.05200000,0.08730000,0.99810000,24.24000000,7.68000000,6.85600000,7.68000000,87.84000000,0.06177000,12.87400000,6.62100000,7.68000000,0.02074000,6.02600000,2.25100000
2023-01-15,20871.50000000,1552.52000000,0.38450000,0.35070000,0.08608000,1.06300000,0.08800000,0.98310000,22.89000000,7.74000000,6.69400000,7.74000000,87.37000000,0.06231000,12.77800000,6.59200000,7.74000000,0.02110000,5.92900000,2.24000000
2023-01-16,21185.65000000,1576.94000000,0.38550000,0.35040000,0.08368000,1.03700000,0.08780000,1.01950000,23.58000000,7.60000000,6.66900000,7.60000000,85.91000000,0.06242000,12.34200000,6.54000000,7.60000000,0.02134000,5.81200000,2.19200000
2023-01-17,21134.81000000,1565.57000000,0.38680000,0.34550000,0.08285000,1.02300000,0.08620000,0.99410000,22.86000000,7.60000000,6.80400000,7.60000000,87.02000000,0.06168000,12.15500000,6.34200000,7.60000000,0.02128000,5.95600000,2.15600000
2023-01-18,20677.47000000,1511.43000000,0.37820000,0.32640000,0.08000000,0.95800000,0.08240000,0.93800000,20.79000000,7.18000000,6.33400000,7.18000000,82.62000000,0.05891000,11.54200000,6.04800000,7.18000000,0.01970000,5.65300000,1.97200000
2023-01-19,21071.59000000,1551.09000000,0.39280000,0.33790000,0.08161000,0.98000000,0.08440000,0.95280000,21.40000000,7.47000000,6.50600000,7.47000000,84.21000000,0.06009000,12.01200000,6.16400000,7.47000000,0.02031000,5.80200000,2.09600000
2023-01-20,22667.21000000,1658.52000000,0.41290000,0.36520000,0.08617000,1.04600000,0.08890000,1.02600000,25.51000000,7.94000000,6.94100000,7.94000000,90.28000000,0.06272000,13.14400000,6.67000000,7.94000000,0.02236000,6.24700000,2.38800000
2023-01-21,22783.55000000,1626.66000000,0.40340000,0.36870000,0.08467000,1.02900000,0.09040000,0.98970000,24.57000000,7.85000000,6.85300000,7.85000000,87.91000000,0.06172000,13.08300000,6.66000000,7.85000000,0.02180000,6.23700000,2.32400000
2023-01-22,22707.88000000,1627.44000000,0.40040000,0.37640000,0.08824000,1.08200000,0.09100000,0.99390000,24.21000000,8.00000000,6.98400000,8.00000000,87.58000000,0.06166000,13.32800000,6.88800000,8.00000000,0.02219000,6.20700000,2.39900000
2023-01-23,22916.45000000,1626.29000000,0.42340000,0.37500000,0.08851000,1.09500000,0.09460000,0.99360000,24.33000000,8.09000000,7.01500000,8.09000000,89.90000000,0.06273000,13.06000000,6.72100000,8.09000000,0.02289000,6.56000000,2.54400000
2023-01-24,22632.89000000,1555.97000000,0.40780000,0.35870000,0.08392000,1.03700000,0.09040000,0.95550000,22.78000000,7.76000000,6.66100000,7.76000000,87.19000000,0.06019000,12.44500000,6.29600000,7.76000000,0.02185000,6.19100000,2.35500000
2023-01-25,23060.94000000,1611.94000000,0.41700000,0.37320000,0.08654000,1.09000000,0.09240000,0.99200000,24.52000000,8.01000000,6.95400000,8.01000000,89.38000000,0.06180000,13.56100000,6.59600000,8.01000000,0.02299000,6.39900000,2.54500000
2023-01-26,23009.65000000,1601.09000000,0.40920000,0.37960000,0.08633000,1.08800000,0.09200000,1.12400000,24.33000000,8.22000000,7.16900000,8.22000000,87.52000000,0.06172000,13.11100000,6.74000000,8.22000000,0.02383000,6.47200000,2.52100000
2023-01-27,23074.16000000,1597.62000000,0.41280000,0.38980000,0.08723000,1.11200000,0.09260000,1.15880000,24.43000000,8.28000000,7.38400000,8.28000000,88.89000000,0.06366000,13.53200000,6.87100000,8.28000000,0.02488000,6.58500000,2.55700000
2023-01-28,23022.60000000,1572.10000000,0.40780000,0.38190000,0.08773000,1.09300000,0.09280000,1.14420000,24.00000000,8.25000000,7.21100000,8.25000000,89.67000000,0.06312000,13.22000000,6.63100000,8.25000000,0.02414000,6.39700000,2.47000000
2023-01-29,23742.30000000,1644.72000000,0.41340000,0.39750000,0.09009000,1.11400000,0.09440000,1.17800000,26.07000000,8.40000000,7.37200000,8.40000000,94.84000000,0.06378000,13.80300000,6.92700000,8.40000000,0.02459000,6.61100000,2.57100000
2023-01-30,22826.15000000,1566.20000000,0.39340000,0.37250000,0.08837000,1.04900000,0.08990000,1.08750000,23.96000000,8.06000000,6.91400000,8.06000000,91.37000000,0.06227000,13.07300000,6.51700000,8.06000000,0.02305000,6.19000000,2.30700000
2023-01-31,23125.13000000,1585.33000000,0.40570000,0.39020000,0.09612000,1.06300000,0.09060000,1.10940000,23.92000000,8.18000000,6.95200000,8.18000000,94.09000000,0.06218000,13.36200000,6.55800000,8.18000000,0.02312000,6.26000000,2.32800000
2023-02-01,23732.66000000,1641.68000000,0.41310000,0.39700000,0.09403000,1.07700000,0.09230000,1.19370000,25.00000000,8.43000000,7.21400000,8.43000000,100.33000000,0.06312000,14.92500000,6.79800000,8.43000000,0.02478000,6.46700000,2.42700000
2023-02-02,23488.94000000,1643.12000000,0.40980000,0.39810000,0.09099000,1.07000000,0.09180000,1.18100000,24.32000000,8.85000000,7.09900000,8.85000000,98.64000000,0.06383000,14.40700000,7.11000000,8.85000000,0.02410000,6.54300000,2.44400000
2023-02-03,23431.90000000,1663.52000000,0.41170000,0.40380000,0.09293000,1.09600000,0.09300000,1.24600000,24.69000000,8.93000000,7.29400000,8.93000000,99.86000000,0.06416000,14.99200000,7.06100000,8.93000000,0.02483000,7.00800000,2.50700000
2023-02-04,23326.84000000,1666.38000000,0.41060000,0.39940000,0.09567000,1.10700000,0.09290000,1.25450000,24.34000000,8.85000000,7.23700000,8.85000000,98.51000000,0.06384000,14.66500000,7.20400000,8.85000000,0.02491000,6.87300000,2.50100000
2023-02-05,22932.91000000,1629.02000000,0.39840000,0.39230000,0.09203000,1.08200000,0.09090000,1.20280000,23.47000000,8.86000000,6.98500000,8.86000000,96.63000000,0.06411000,14.73600000,6.88600000,8.86000000,0.02420000,6.63700000,2.38600000
2023-02-06,22762.52000000,1614.29000000,0.39200000,0.38230000,0.08955000,1.05900000,0.08890000,1.19100000,22.66000000,8.69000000,6.83200000,8.69000000,95.93000000,0.06316000,14.14300000,6.64700000,8.69000000,0.02391000,6.49400000,2.30800000
2023-02-07,23240.46000000,1671.03000000,0.40360000,0.39890000,0.09253000,1.11200000,0.09200000,1.26990000,23.82000000,9.12000000,7.19700000,9.12000000,100.86000000,0.06577000,14.95700000,6.97900000,9.12000000,0.02595000,6.94100000,2.49300000
2023-02-08,22963.00000000,1650.43000000,0.39750000,0.39420000,0.09018000,1.08400000,0.09100000,1.30620000,23.22000000,9.18000000,7.13600000,9.18000000,99.22000000,0.06695000,15.15100000,6.81200000,9.18000000,0.02580000,6.75700000,2.63900000
2023-02-09,21796.35000000,1545.35000000,0.38190000,0.36220000,0.08144000,1.04400000,0.08570000,1.22970000,20.48000000,8.93000000,6.98400000,8.93000000,92.05000000,0.06265000,13.53000000,6.33000000,8.93000000,0.02329000,6.23500000,2.27000000
2023-02-10,21625.19000000,1513.06000000,0.38170000,0.35810000,0.08089000,1.05200000,0.08570000,1.22980000,20.11000000,9.03000000,6.89000000,9.03000000,93.34000000,0.06329000,13.70500000,6.36500000,9.03000000,0.02357000,6.18600000,2.25000000
2023-02-11,21862.55000000,1538.51000000,0.38330000,0.36840000,0.08225000,1.05700000,0.08620000,1.24930000,20.81000000,8.92000000,7.00300000,8.92000000,94.28000000,0.06372000,13.74900000,6.48100000,8.92000000,0.02388000,6.27800000,2.28500000
2023-02-12,21783.54000000,1514.83000000,0.37470000,0.36410000,0.08215000,1.04200000,0.08510000,1.23600000,21.49000000,8.60000000,6.80800000,8.60000000,92.51000000,0.06388000,13.53900000,6.34600000,8.60000000,0.02358000,6.18100000,2.23700000
2023-02-13,21773.97000000,1505.24000000,0.37030000,0.35930000,0.08209000,1.03000000,0.08500000,1.18510000,20.77000000,8.40000000,6.66900000,8.40000000,91.05000000,0.06560000,13.12900000,6.24400000,8.40000000,0.02298000,6.14300000,2.18700000
2023-02-14,22199.84000000,1555.71000000,0.38190000,0.38670000,0.08360000,1.04800000,0.08600000,1.25790000,21.84000000,8.69000000,6.80800000,8.69000000,95.82000000,0.06675000,13.39900000,6.58900000,8.69000000,0.02384000,6.22700000,2.24600000
2023-02-15,24324.05000000,1674.92000000,0.40110000,0.41900000,0.08928000,1.09900000,0.09020000,1.32830000,23.86000000,9.28000000,7.28100000,9.28000000,102.82000000,0.07085000,14.29700000,6.93000000,9.28000000,0.02567000,6.61200000,2.51500000
2023-02-16,23517.72000000,1637.84000000,0.38410000,0.38740000,0.08489000,1.04500000,0.08630000,1.37110000,22.24000000,8.82000000,7.01100000,8.82000000,98.55000000,0.06683000,13.42700000,6.47700000,8.82000000,0.02432000,6.32700000,2.31100000
2023-02-17,24569.97000000,1693.87000000,0.39500000,0.40330000,0.08771000,1.19200000,0.09080000,1.52390000,23.14000000,9.57000000,7.65000000,9.57000000,100.12000000,0.07031000,14.17000000,6.73800000,9.57000000,0.02761000,7.28400000,2.45600000
2023-02-18,24631.95000000,1691.62000000,0.39430000,0.40600000,0.08882000,1.23600000,0.09180000,1.48470000,23.45000000,9.73000000,7.98900000,9.73000000,99.71000000,0.07014000,14.28900000,6.97600000,9.73000000,0.02714000,7.22900000,2.57600000
2023-02-19,24271.76000000,1679.75000000,0.38630000,0.39950000,0.08697000,1.22900000,0.09050000,1.47850000,24.84000000,10.42000000,8.01400000,10.42000000,97.43000000,0.07038000,14.12600000,7.21000000,10.42000000,0.02871000,7.43800000,2.57500000
2023-02-20,24842.20000000,1703.27000000,0.39840000,0.40380000,0.08829000,1.27300000,0.09450000,1.47530000,26.26000000,14.67000000,8.01700000,14.67000000,95.90000000,0.07197000,14.42300000,7.37100000,14.67000000,0.03186000,7.55100000,2.70200000
2023-02-21,24452.16000000,1659.76000000,0.39190000,0.39250000,0.08546000,1.22100000,0.09490000,1.38670000,24.98000000,13.40000000,7.64000000,13.40000000,93.80000000,0.06948000,13.86600000,7.03600000,13.40000000,0.03014000,7.25100000,2.56900000
2023-02-22,24182.21000000,1643.14000000,0.39530000,0.38880000,0.08550000,1.20800000,0.09240000,1.39560000,24.16000000,13.52000000,7.71700000,13.52000000,95.28000000,0.06944000,13.58700000,6.93100000,13.52000000,0.02957000,7.18600000,2.50800000
2023-02-23,23940.20000000,1650.53000000,0.38820000,0.38240000,0.08425000,1.18000000,0.09100000,1.35330000,23.91000000,12.79000000,7.93500000,12.79000000,94.59000000,0.06955000,13.73800000,6.94300000,12.79000000,0.02974000,7.09300000,2.47000000
2023-02-24,23185.29000000,1607.80000000,0.37830000,0.36580000,0.08092000,1.11800000,0.08920000,1.26500000,23.07000000,11.64000000,7.46600000,11.64000000,91.55000000,0.06787000,13.08000000,6.57200000,11.64000000,0.02775000,6.61400000,2.31300000
2023-02-25,23157.07000000,1594.58000000,0.37780000,0.36200000,0.08075000,1.10800000,0.08800000,1.24700000,22.37000000,11.38000000,7.37300000,11.38000000,93.15000000,0.06785000,12.84200000,6.46900000,11.38000000,0.02695000,6.54400000,2.28900000
2023-02-26,23554.85000000,1641.36000000,0.37790000,0.36910000,0.08216000,1.12600000,0.08900000,1.28170000,23.25000000,12.45000000,7.49700000,12.45000000,95.27000000,0.06951000,12.96100000,6.61000000,12.45000000,0.02823000,6.69100000,2.37600000
2023-02-27,23492.09000000,1633.45000000,0.37850000,0.36470000,0.08136000,1.12600000,0.08830000,1.23450000,22.68000000,13.22000000,7.27400000,13.22000000,94.07000000,0.06943000,12.78600000,6.43900000,13.22000000,0.02811000,6.57900000,2.34600000
2023-02-28,23141.57000000,1605.23000000,0.37620000,0.35170000,0.08085000,1.14600000,0.08710000,1.19640000,21.89000000,11.98000000,7.19500000,11.98000000,93.80000000,0.06905000,12.27900000,6.50100000,11.98000000,0.02695000,6.34700000,2.23000000
2023-03-01,23628.97000000,1665.22000000,0.38350000,0.36010000,0.08193000,1.20800000,0.08800000,1.24890000,22.51000000,12.76000000,7.53600000,12.76000000,97.78000000,0.06984000,12.77800000,6.84300000,12.76000000,0.02809000,6.53500000,2.31900000
2023-03-02,23465.32000000,1647.86000000,0.37720000,0.35040000,0.08056000,1.24200000,0.08750000,1.22740000,22.00000000,12.34000000,7.27500000,12.34000000,95.39000000,0.06972000,12.46600000,6.63700000,12.34000000,0.02727000,6.33500000,2.25900000
2023-03-03,22354.34000000,1569.45000000,0.37740000,0.34310000,0.07684000,1.32300000,0.08570000,1.16900000,21.42000000,11.67000000,6.95800000,11.67000000,90.56000000,0.06715000,12.01600000,6.27200000,11.67000000,0.02542000,6.03700000,2.09800000
2023-03-04,22346.57000000,1566.73000000,0.37350000,0.33660000,0.07462000,1.22500000,0.08370000,1.12770000,20.98000000,11.98000000,6.85700000,11.98000000,89.34000000,0.06670000,11.84300000,6.16100000,11.98000000,0.02444000,5.91700000,2.05000000
2023-03-05,22430.24000000,1564.58000000,0.36680000,0.33700000,0.07474000,1.22500000,0.08270000,1.13600000,20.97000000,12.06000000,6.94500000,12.06000000,89.93000000,0.06725000,12.01900000,6.35100000,12.06000000,0.02433000,5.97800000,2.03100000
2023-03-06,22410.00000000,1565.84000000,0.36950000,0.33050000,0.07479000,1.21200000,0.08350000,1.13090000,20.63000000,11.79000000,6.85400000,11.79000000,87.36000000,0.06739000,11.97800000,6.33700000,11.79000000,0.02461000,5.92000000,2.05500000
2023-03-07,22197.96000000,1561.96000000,0.38010000,0.33060000,0.07407000,1.18100000,0.08270000,1.15010000,20.25000000,11.56000000,6.88100000,11.56000000,86.29000000,0.06629000,11.75000000,6.42900000,11.56000000,0.02360000,5.84700000,2.00200000
2023-03-08,21705.44000000,1532.38000000,0.38890000,0.31750000,0.07112000,1.11900000,0.08160000,1.05070000,18.41000000,10.51000000,6.57700000,10.51000000,82.76000000,0.06532000,10.95800000,6.10300000,10.51000000,0.02211000,5.60100000,1.84200000
2023-03-09,20362.22000000,1437.32000000,0.37060000,0.31010000,0.06595000,1.05600000,0.07710000,1.01720000,17.33000000,9.89000000,6.16000000,9.89000000,76.68000000,0.05863000,11.03200000,5.72200000,9.89000000,0.02028000,5.38500000,1.78800000
2023-03-10,20150.69000000,1426.44000000,0.37000000,0.31490000,0.06572000,1.04300000,0.07810000,1.05750000,18.17000000,9.81000000,6.21500000,9.81000000,71.37000000,0.05736000,11.14100000,5.62000000,9.81000000,0.02062000,5.54900000,1.79800000
2023-03-11,20455.73000000,1471.97000000,0.36380000,0.30510000,0.06604000,0.99400000,0.07880000,1.05630000,18.07000000,9.53000000,6.16200000,9.53000000,69.21000000,0.05877000,11.01900000,5.43400000,9.53000000,0.02033000,5.46300000,1.79700000
2023-03-12,21997.11000000,1580.33000000,0.37140000,0.32980000,0.07051000,1.04900000,0.08220000,1.14910000,20.20000000,10.31000000,6.55100000,10.31000000,76.26000000,0.06458000,11.69500000,5.89700000,10.31000000,0.02197000,5.89500000,1.94100000
2023-03-13,24113.48000000,1673.45000000,0.37240000,0.34330000,0.07279000,1.07800000,0.08440000,1.19290000,20.40000000,11.07000000,6.76100000,11.07000000,81.46000000,0.06694000,11.98400000,6.09000000,11.07000000,0.02344000,6.10000000,2.03600000
2023-03-14,24670.41000000,1699.40000000,0.37240000,0.34290000,0.07456000,1.10700000,0.08830000,1.19620000,20.86000000,11.52000000,6.96000000,11.52000000,83.94000000,0.06695000,13.04000000,6.31700000,11.52000000,0.02390000,6.22300000,2.11600000
2023-03-15,24285.66000000,1649.96000000,0.35890000,0.32410000,0.06963000,1.03900000,0.08370000,1.11150000,19.24000000,10.43000000,6.54600000,10.43000000,76.43000000,0.06517000,12.41600000,5.90900000,10.43000000,0.02183000,5.87400000,1.92100000
2023-03-16,24998.78000000,1673.73000000,0.36470000,0.32490000,0.07256000,1.07900000,0.08450000,1.14780000,19.67000000,10.86000000,6.65600000,10.86000000,78.86000000,0.06512000,12.81400000,5.90300000,10.86000000,0.02234000,6.08800000,1.96300000
2023-03-17,27395.13000000,1789.27000000,0.37980000,0.34940000,0.07642000,1.14700000,0.08790000,1.22250000,21.60000000,12.60000000,7.20700000,12.60000000,85.51000000,0.06763000,13.16600000,6.40400000,12.60000000,0.02425000,6.61800000,2.16300000
2023-03-18,26907.49000000,1758.84000000,0.37390000,0.33710000,0.07295000,1.09700000,0.08560000,1.17040000,21.20000000,11.83000000,6.92200000,11.83000000,83.02000000,0.06579000,12.21800000,6.50800000,11.83000000,0.02302000,6.31300000,2.07900000
2023-03-19,27972.87000000,1780.68000000,0.38570000,0.34480000,0.07450000,1.15400000,0.08770000,1.16620000,21.86000000,13.33000000,7.08100000,13.33000000,83.98000000,0.06650000,12.30600000,6.48800000,13.33000000,0.02443000,6.45100000,2.13200000
2023-03-20,27717.01000000,1732.78000000,0.37340000,0.33210000,0.07137000,1.15400000,0.08630000,1.10270000,22.13000000,12.24000000,7.05000000,12.24000000,78.05000000,0.06503000,11.54500000,6.17600000,12.24000000,0.02295000,6.09200000,1.99400000
2023-03-21,28105.47000000,1801.23000000,0.46960000,0.36960000,0.07660000,1.18500000,0.09630000,1.15260000,22.53000000,12.44000000,7.37500000,12.44000000,82.48000000,0.06700000,11.91500000,6.42100000,12.44000000,0.02377000,6.36300000,2.06800000
2023-03-22,27250.97000000,1734.33000000,0.42130000,0.35960000,0.07385000,1.09400000,0.09080000,1.10770000,21.42000000,11.62000000,7.17300000,11.62000000,87.27000000,0.05978000,11.32700000,6.07100000,11.62000000,0.02247000,6.05300000,1.94600000
2023-03-23,28295.41000000,1813.79000000,0.44380000,0.37150000,0.07736000,1.16000000,0.09240000,1.13600000,22.16000000,12.57000000,7.61000000,12.57000000,93.61000000,0.06520000,11.68300000,6.23800000,12.57000000,0.02358000,6.32100000,2.04400000
2023-03-24,27454.47000000,1749.57000000,0.42590000,0.35960000,0.07453000,1.16500000,0.08870000,1.09680000,20.66000000,12.38000000,7.19100000,12.38000000,93.58000000,0.06341000,11.19200000,5.88200000,12.38000000,0.02280000,6.02100000,1.96300000
2023-03-25,27462.95000000,1741.88000000,0.44290000,0.35140000,0.07402000,1.11600000,0.09070000,1.07860000,20.41000000,12.04000000,7.07500000,12.04000000,91.50000000,0.06368000,11.08500000,5.71200000,12.04000000,0.02270000,5.90500000,1.92300000
2023-03-26,27968.05000000,1773.88000000,0.44790000,0.35570000,0.07436000,1.14000000,0.09180000,1.10400000,20.94000000,12.31000000,7.26100000,12.31000000,93.32000000,0.06412000,11.32600000,5.78600000,12.31000000,0.02287000,6.04200000,1.95700000
2023-03-27,27124.91000000,1715.22000000,0.47900000,0.34550000,0.07287000,1.08500000,0.09250000,1.04550000,19.91000000,12.58000000,6.87000000,12.58000000,89.23000000,0.06355000,10.83800000,5.64400000,12.58000000,0.02200000,5.86700000,1.84500000
2023-03-28,27261.07000000,1772.99000000,0.51440000,0.36810000,0.07381000,1.11300000,0.09770000,1.08600000,20.45000000,12.72000000,6.94700000,12.72000000,89.13000000,0.06418000,11.21200000,5.80800000,12.72000000,0.02242000,6.05600000,1.88300000
2023-03-29,28348.60000000,1793.07000000,0.54250000,0.38110000,0.07557000,1.14900000,0.10170000,1.12230000,21.10000000,13.22000000,7.38200000,13.22000000,91.31000000,0.06433000,11.43000000,5.94500000,13.22000000,0.02321000,6.18300000,2.00000000
2023-03-30,28028.53000000,1793.61000000,0.53190000,0.37610000,0.07422000,1.19000000,0.10640000,1.09300000,20.55000000,12.51000000,7.23300000,12.51000000,89.06000000,0.06481000,11.14900000,5.89700000,12.51000000,0.02287000,6.12200000,1.92700000
2023-03-31,28465.36000000,1821.52000000,0.53740000,0.39890000,0.07695000,1.19600000,0.11220000,1.11760000,21.16000000,12.61000000,7.58800000,12.61000000,89.57000000,0.06553000,11.18800000,6.06200000,12.61000000,0.02346000,6.34300000,1.99000000
2023-04-01,28452.73000000,1820.79000000,0.50950000,0.39190000,0.08181000,1.19300000,0.10820000,1.11200000,21.08000000,12.46000000,7.54800000,12.46000000,92.57000000,0.06648000,11.38300000,6.10100000,12.46000000,0.02355000,6.34400000,1.98700000
